Name;ISIN;Symbol;Market;Currency;Open Price;High Price;low Price;last Price;last Trade MIC Time;Time Zone;Volume;Turnover;Closing Price;Closing Price DateTime
European Equities;;;;;;;;;;;;;;
01-juin-23;;;;;;;;;;;;;;
All datapoints provided as of end of last active trading day.;;;;;;;;;;;;;;
AALBERTS NV;NL0000852564;AALB;Euronext Amsterdam;EUR;39,66;39,99;39,28;39,5;31/05/2023 17:35;CET;422964;17153175,82;39,5;31/05/2023
AB INBEV;BE0974293251;ABI;Euronext Brussels;EUR;50,35;50,6;49,465;49,91;31/05/2023 17:37;CET;4991863;250107905,2;49,91;31/05/2023
AB SCIENCE;FR0010557264;AB;Euronext Paris;EUR;4,15;4,155;4,06;4,145;31/05/2023 17:35;CET;93657;386301,68;4,145;31/05/2023
ABC ARBITRAGE;FR0004040608;ABCA;Euronext Paris;EUR;6,06;6,17;6,02;6,17;31/05/2023 17:39;CET;62254;381793,26;6,17;31/05/2023
ABEO;FR0013185857;ABEO;Euronext Paris;EUR;17,7;17,7;17,7;17,7;31/05/2023 16:51;CET;81;1433,7;17,7;31/05/2023
ABIONYX PHARMA;FR0012616852;ABNX;Euronext Paris;EUR;1,326;1,38;1,254;1,264;31/05/2023 17:35;CET;193228;253337,21;1,264;31/05/2023
ABIVAX;FR0012333284;ABVX;Euronext Paris;EUR;17,16;18,16;17;18,16;31/05/2023 17:35;CET;474532;8597866,64;18,16;31/05/2023
ABL Diagnostics;FR001400AHX6;ABLD;Euronext Paris;EUR;5,8;5,8;5,8;5,8;26/04/2023 16:30;CET;2;11,6;5,8;31/05/2023
ABN AMRO BANK N.V.;NL0011540547;ABN;Euronext Amsterdam;EUR;13,96;14,015;13,5;13,605;31/05/2023 17:36;CET;4131953;56861865,68;13,605;31/05/2023
ABO GROUP;BE0974278104;ABO;Euronext Brussels, Paris;EUR;5,85;5,85;5,7;5,7;31/05/2023 12:31;CET;570;3260,5;5,7;31/05/2023
ACANTHE DEV.;FR0000064602;ACAN;Euronext Paris;EUR;0,36;0,366;0,35;0,35;31/05/2023 17:05;CET;15124;5372,13;0,35;31/05/2023
ACCENTIS;BE0003696102;ACCB;Euronext Brussels;EUR;0,0298;0,0306;0,0298;0,0306;31/05/2023 13:35;CET;25900;791,82;0,0306;31/05/2023
ACCOR;FR0000120404;AC;Euronext Paris;EUR;31,16;31,46;30,97;30,97;31/05/2023 17:37;CET;1820055;56430018,74;30,97;31/05/2023
ACCOR AC SHARES;FR0014003PZ3;AAC;Euronext Paris;EUR;9,95;9,95;9,95;9,95;22/05/2023 12:02;CET;1;9,95;9,95;31/05/2023
ACCOR AC WARRANTS;FR0014003QK3;AACW;Euronext Paris;EUR;0,0005;0,0005;0,0005;0,0005;28/04/2023 09:00;CET;908;0,45;0,0005;31/05/2023
ACCSYS;GB00BQQFX454;AXS;Euronext Amsterdam;EUR;0,825;0,841;0,82;0,83;31/05/2023 17:35;CET;719235;595461,59;0,83;31/05/2023
ACKERMANS V.HAAREN;BE0003764785;ACKB;Euronext Brussels;EUR;154,8;155,3;153,3;153,3;31/05/2023 17:35;CET;48883;7770173,8;153,3;31/05/2023
ACOMO;NL0000313286;ACOMO;Euronext Amsterdam;EUR;22,3;22,3;21,9;22;31/05/2023 17:35;CET;9126;200858,9;22;31/05/2023
ACTEOS;FR0000076861;EOS;Euronext Paris;EUR;1,6;1,6;1,42;1,515;31/05/2023 17:35;CET;41225;60193,63;1,515;31/05/2023
ADC SIIC;BE0974269012;ALDV;Euronext Paris;EUR;0,065;0,065;0,065;0,065;29/05/2023 16:30;CET;3000;195;0,065;31/05/2023
ADOCIA;FR0011184241;ADOC;Euronext Paris;EUR;4;4,05;3,87;3,96;31/05/2023 17:35;CET;61259;243566,12;3,96;31/05/2023
ADP;FR0010340141;ADP;Euronext Paris;EUR;141,4;144,8;140;142,1;31/05/2023 17:39;CET;509615;72449487,8;142,1;31/05/2023
ADUX;FR0012821890;ADUX;Euronext Paris, Amsterdam;EUR;1,43;1,44;1,4;1,435;31/05/2023 17:35;CET;765;1099,23;1,435;31/05/2023
ADYEN;NL0012969182;ADYEN;Euronext Amsterdam;EUR;1500,2;1559,6;1492,4;1526,8;31/05/2023 17:35;CET;177479;271144971,2;1526,8;31/05/2023
AEDIFICA;BE0003851681;AED;Euronext Brussels, Amsterdam;EUR;63,3;64;62,35;62,75;31/05/2023 17:37;CET;102781;6544296,9;62,75;31/05/2023
AEGON;NL0000303709;AGN;Euronext Amsterdam;EUR;4,23;4,245;4,103;4,115;31/05/2023 17:35;CET;22618447;93567346,03;4,115;31/05/2023
AELIS FARMA;FR0014007ZB4;AELIS;Euronext Paris;EUR;14;14;13,95;14;31/05/2023 17:26;CET;22;307;14;31/05/2023
AERKOMM INC;US00774B2088;AKOM;Euronext Paris;EUR;2,94;2,94;2,94;2,94;15/05/2023 11:46;CET;140;411,6;2,94;31/05/2023
AFFLUENT MED BSAR;FR001400FL38;AFMBS;Euronext Paris;EUR;0,03;0,03;0,03;0,03;31/05/2023 12:34;CET;130;3,9;0,03;31/05/2023
AFFLUENT MEDICAL;FR0013333077;AFME;Euronext Paris;EUR;1,34;1,34;1,25;1,34;31/05/2023 17:35;CET;18009;23200,42;1,34;31/05/2023
AGEAS;BE0974264930;AGS;Euronext Brussels;EUR;38,37;38,65;37,33;37,33;31/05/2023 17:38;CET;986731;37584353,46;37,33;31/05/2023
AGFA-GEVAERT;BE0003755692;AGFB;Euronext Brussels;EUR;2,515;2,52;2,455;2,455;31/05/2023 17:39;CET;283306;697948,34;2,455;31/05/2023
AHOLD DEL;NL0011794037;AD;Euronext Amsterdam, Brussels;EUR;29,75;30,045;29,415;29,66;31/05/2023 17:37;CET;8269186;245397028,3;29,66;31/05/2023
AIR FRANCE -KLM;FR0000031122;AF;Euronext Paris, Amsterdam;EUR;1,641;1,6925;1,6235;1,662;31/05/2023 17:35;CET;12078068;20109254,17;1,662;31/05/2023
AIR LIQUIDE;FR0000120073;AI;Euronext Paris;EUR;159;159,54;155,74;156,64;31/05/2023 17:35;CET;2040527;320012975,2;156,64;31/05/2023
AIRBUS;NL0000235190;AIR;Euronext Paris;EUR;123,2;124,96;122,46;122,54;31/05/2023 17:36;CET;1592919;195727541,3;122,54;31/05/2023
AJAX;NL0000018034;AJAX;Euronext Amsterdam;EUR;11,25;11,55;11,1;11,5;31/05/2023 17:35;CET;3796;43270,8;11,5;31/05/2023
AKWEL;FR0000053027;AKW;Euronext Paris;EUR;14,3;14,34;14,06;14,06;31/05/2023 17:37;CET;33497;474859,92;14,06;31/05/2023
AKZO NOBEL;NL0013267909;AKZA;Euronext Amsterdam;EUR;70,9;71,2;70,26;70,44;31/05/2023 17:35;CET;1802140;127018177;70,44;31/05/2023
ALAN ALLMAN;FR0000062465;AAA;Euronext Paris;EUR;10,55;10,55;10,55;10,55;31/05/2023 09:00;CET;1;10,55;10,55;31/05/2023
ALD;FR0013258662;ALD;Euronext Paris;EUR;10,49;10,49;10,02;10,07;31/05/2023 17:35;CET;965979;9836214,36;10,07;31/05/2023
ALFEN;NL0012817175;ALFEN;Euronext Amsterdam;EUR;66,64;68,4;66,44;66,78;31/05/2023 17:35;CET;183582;12561505,42;66,78;31/05/2023
ALLFUNDS GROUP;GB00BNTJ3546;ALLFG;Euronext Amsterdam;EUR;6,28;6,48;6,23;6,38;31/05/2023 17:35;CET;3275789;20894906,82;6,38;31/05/2023
ALMUNDA PRO NV;NL0010696704;AMUND;Euronext Amsterdam;EUR;1,31;1,33;1,31;1,33;31/05/2023 12:53;CET;159740;209292,14;1,33;31/05/2023
ALPES (COMPAGNIE);FR0000053324;CDA;Euronext Paris;EUR;14,5;14,52;14,26;14,34;31/05/2023 17:35;CET;28205;405455,08;14,34;31/05/2023
ALSTOM;FR0010220475;ALO;Euronext Paris;EUR;26;26,07;25,53;25,74;31/05/2023 17:35;CET;2521886;64969855,22;25,74;31/05/2023
ALTAMIR;FR0000053837;LTA;Euronext Paris;EUR;27,4;27,4;27,3;27,3;31/05/2023 17:35;CET;136;3722,4;27,3;31/05/2023
ALTAREA;FR0000033219;ALTA;Euronext Paris;EUR;116;118;115,4;118;31/05/2023 17:35;CET;4827;566932;118;31/05/2023
ALTAREIT;FR0000039216;AREIT;Euronext Paris;EUR;575;575;575;575;31/05/2023 09:00;CET;1;575;575;31/05/2023
ALTEN;FR0000071946;ATE;Euronext Paris;EUR;149,8;152;148,5;149,6;31/05/2023 17:35;CET;95688;14357258,6;149,6;31/05/2023
ALTUR INVEST.;FR0010395681;ALTUR;Euronext Paris;EUR;8,65;8,65;8,65;8,65;31/05/2023 17:15;CET;51;441,15;8,65;31/05/2023
ALUMEXX N.V.;NL0012194724;ALX;Euronext Amsterdam;EUR;0,61;0,695;0,61;0,695;31/05/2023 17:35;CET;27797;18458,09;0,695;31/05/2023
AMG;NL0000888691;AMG;Euronext Amsterdam;EUR;42;42,46;41,14;42,14;31/05/2023 17:36;CET;357155;15011580,69;42,14;31/05/2023
AMPLITUDE SURGICAL;FR0012789667;AMPLI;Euronext Paris;EUR;3,36;3,36;3,3;3,3;31/05/2023 17:35;CET;2149;7091,76;3,3;31/05/2023
AMUNDI;FR0004125920;AMUN;Euronext Paris;EUR;55;55,1;52,05;52,6;31/05/2023 17:35;CET;406940;21527967,55;52,6;31/05/2023
ANTIN INFRA PARTN;FR0014005AL0;ANTIN;Euronext Paris;EUR;14,45;14,71;14,34;14,71;31/05/2023 17:35;CET;54054;791104,55;14,71;31/05/2023
APERAM;LU0569974404;APAM;Euronext Amsterdam, Brussels, Paris;EUR;31,54;31,56;30,57;30,62;31/05/2023 17:36;CET;375140;11627927,41;30,62;31/05/2023
APTORUM GROUP CL A;KYG6096M1226;APM;Euronext Paris;EUR;27;27;27;27;11/05/2023 09:54;CET;3;81;3,205;31/05/2023
ARAMIS GROUP;FR0014003U94;ARAMI;Euronext Paris;EUR;5,2;5,44;5,12;5,36;31/05/2023 17:36;CET;107790;574005,16;5,36;31/05/2023
ARCADIS;NL0006237562;ARCAD;Euronext Amsterdam;EUR;38,4;38,4;37,68;37,94;31/05/2023 17:36;CET;201639;7664701,44;37,94;31/05/2023
ARCELORMITTAL SA;LU1598757687;MT;Euronext Amsterdam, Paris;EUR;23,43;23,715;23,095;23,23;31/05/2023 17:35;CET;7306187;170948884,6;23,23;31/05/2023
ARGAN;FR0010481960;ARG;Euronext Paris;EUR;70,4;71,1;70;70;31/05/2023 17:37;CET;15179;1064562,1;70;31/05/2023
ARGENX SE;NL0010832176;ARGX;Euronext Brussels;EUR;368,9;372,2;364;364,6;31/05/2023 17:35;CET;365556;133371683,9;364,6;31/05/2023
ARKEMA;FR0010313833;AKE;Euronext Paris;EUR;82,72;82,72;80,16;81,5;31/05/2023 17:35;CET;527914;43019665,26;81,5;31/05/2023
ARTEA;FR0012185536;ARTE;Euronext Paris;EUR;22,2;22,6;22;22,6;31/05/2023 12:41;CET;255;5722;22,6;31/05/2023
ARTMARKET COM;FR0000074783;PRC;Euronext Paris;EUR;6,62;6,8;6,56;6,8;31/05/2023 17:35;CET;3944;26127,19;6,8;31/05/2023
ARTOIS NOM.;FR0000076952;ARTO;Euronext Paris;EUR;4780;4780;4780;4780;30/05/2023 17:14;CET;8;38240;4780;31/05/2023
ASCENCIO;BE0003856730;ASCE;Euronext Brussels;EUR;48,6;49;48,6;48,8;31/05/2023 17:35;CET;2259;110166,25;48,8;31/05/2023
ASM INTERNATIONAL;NL0000334118;ASM;Euronext Amsterdam;EUR;404,8;412,7;399,7;405,4;31/05/2023 17:35;CET;330361;134114431,5;405,4;31/05/2023
ASML HOLDING;NL0010273215;ASML;Euronext Amsterdam;EUR;679,4;685,5;669,8;671,5;31/05/2023 17:37;CET;1149923;775898287,1;671,5;31/05/2023
ASR NEDERLAND;NL0011872643;ASRNL;Euronext Amsterdam;EUR;40,57;40,69;39,8;39,8;31/05/2023 17:35;CET;868005;34705525,85;39,8;31/05/2023
ASSYSTEM;FR0000074148;ASY;Euronext Paris;EUR;45;45,2;44,5;44,6;31/05/2023 17:35;CET;3096;138709,5;44,6;31/05/2023
ATEME;FR0011992700;ATEME;Euronext Paris;EUR;9,82;9,82;9,8;9,8;31/05/2023 17:35;CET;76;744,82;9,8;31/05/2023
ATENOR;BE0003837540;ATEB;Euronext Brussels;EUR;24,2;25;23,4;24;31/05/2023 17:35;CET;9402;226165,2;24;31/05/2023
ATLAND;FR0013455482;ATLD;Euronext Paris;EUR;40;40;40;40;31/05/2023 09:00;CET;15;600;40;31/05/2023
ATOS;FR0000051732;ATO;Euronext Paris;EUR;13,43;13,87;13,36;13,615;31/05/2023 17:38;CET;951964;12968657,71;13,615;31/05/2023
AUBAY;FR0000063737;AUB;Euronext Paris;EUR;45,6;46,3;45,3;46,1;31/05/2023 17:35;CET;9829;452108,85;46,1;31/05/2023
AUGROS COSMETICS;FR0000061780;AUGR;Euronext Paris;EUR;6,6;6,6;6,6;6,6;29/05/2023 11:30;CET;10;66;6,6;31/05/2023
AUREA;FR0000039232;AURE;Euronext Paris;EUR;6,48;6,48;6,46;6,46;31/05/2023 16:15;CET;58;374,7;6,46;31/05/2023
AVANTIUM;NL0012047823;AVTX;Euronext Amsterdam, Brussels;EUR;3,455;3,455;3,4;3,4;31/05/2023 17:35;CET;50072;171426,42;3,4;31/05/2023
AVENIR TELECOM;FR001400CFI7;AVT;Euronext Paris;EUR;0,1694;0,1698;0,163;0,1642;31/05/2023 17:35;CET;417104;69053,46;0,1642;31/05/2023
AXA;FR0000120628;CS;Euronext Paris;EUR;26,75;27,165;26,405;26,415;31/05/2023 17:39;CET;13791409;365671767,6;26,415;31/05/2023
AXWAY SOFTWARE;FR0011040500;AXW;Euronext Paris;EUR;21,1;21,1;21;21,1;31/05/2023 17:35;CET;1932;40724,9;21,1;31/05/2023
AZELIS GROUP;BE0974400328;AZE;Euronext Brussels;EUR;23;23;22,42;22,94;31/05/2023 17:38;CET;214741;4915574,92;22,94;31/05/2023
AZERION;NL00150006Z9;AZRN;Euronext Amsterdam;EUR;2,7;2,96;2,62;2,72;31/05/2023 17:36;CET;596672;1667263,23;2,72;31/05/2023
AZERION WARRANTS;NL00150007A0;AZRNW;Euronext Amsterdam;EUR;0,02;0,02;0,02;0,02;18/05/2023 15:09;CET;47;0,94;0,02;31/05/2023
B&S Group;LU1789205884;BSGR;Euronext Amsterdam;EUR;3,765;3,765;3,695;3,7;31/05/2023 17:35;CET;48743;181372,11;3,7;31/05/2023
BAINS MER MONACO;MC0000031187;BAIN;Euronext Paris;EUR;109,5;110;109;109,5;31/05/2023 17:35;CET;365;39914,5;109,5;31/05/2023
BALYO;FR0013258399;BALYO;Euronext Paris;EUR;0,509;0,55;0,509;0,523;31/05/2023 17:35;CET;111141;58586,82;0,523;31/05/2023
BAM GROEP KON;NL0000337319;BAMNB;Euronext Amsterdam;EUR;1,912;1,914;1,899;1,9;31/05/2023 17:35;CET;2025867;3854481,16;1,9;31/05/2023
BANIMMO A;BE0003870871;BANI;Euronext Brussels;EUR;3,82;3,88;3,82;3,88;31/05/2023 17:35;CET;1577;6101,3;3,88;31/05/2023
BARBARA BUI;FR0000062788;BUI;Euronext Paris;EUR;9,8;9,8;9,8;9,8;31/05/2023 11:30;CET;4;39,2;9,8;31/05/2023
BARCO;BE0974362940;BAR;Euronext Brussels;EUR;24,32;24,52;24,02;24,24;31/05/2023 17:35;CET;231891;5619969,64;24,24;31/05/2023
BASIC-FIT;NL0011872650;BFIT;Euronext Amsterdam;EUR;35,48;35,84;34,96;35,7;31/05/2023 17:35;CET;78694;2801308,56;35,7;31/05/2023
BASILIX CERT;BE0003674851;BAS;Euronext Brussels;EUR;11,8;11,8;11,8;11,8;31/05/2023 16:30;CET;38;448,4;11,8;31/05/2023
BASSAC;FR0004023208;BASS;Euronext Paris;EUR;47,8;48,1;45;45;31/05/2023 17:25;CET;894;41428,2;45;31/05/2023
BASTIDE LE CONFORT;FR0000035370;BLC;Euronext Paris;EUR;29,8;29,8;29,05;29,1;31/05/2023 17:35;CET;2152;63021,55;29,1;31/05/2023
BE SEMICONDUCTOR;NL0012866412;BESI;Euronext Amsterdam;EUR;102,6;104,65;101,8;103,05;31/05/2023 17:39;CET;786565;81068844,75;103,05;31/05/2023
BEAULIEU-AV. CERT;BE0003661726;BEAB;Euronext Brussels;EUR;4,34;4,34;4,34;4,34;31/05/2023 16:30;CET;7;30,38;4,34;31/05/2023
BEKAERT;BE0974258874;BEKB;Euronext Brussels;EUR;40,2;40,2;39,74;40,02;31/05/2023 17:35;CET;75697;3027769,46;40,02;31/05/2023
BELIEVE;FR0014003FE9;BLV;Euronext Paris;EUR;11,22;11,44;11,04;11,22;31/05/2023 17:35;CET;31745;356814,36;11,22;31/05/2023
BELUGA;BE0003723377;BELU;Euronext Brussels;EUR;2,76;2,76;2,76;2,76;22/05/2023 13:58;CET;18470;50977,2;2,76;31/05/2023
BELYSSE GROUP;BE0974314461;BELYS;Euronext Brussels;EUR;1,19;1,19;1,17;1,17;31/05/2023 09:15;CET;1281;1523,77;1,17;31/05/2023
BENETEAU;FR0000035164;BEN;Euronext Paris;EUR;15,7;15,76;15,46;15,72;31/05/2023 17:35;CET;82499;1289600,34;15,72;31/05/2023
BENEVOLENTAI;LU2355630455;BAI;Euronext Amsterdam;EUR;1,88;1,88;1,88;1,88;29/05/2023 09:12;CET;199;374,12;1,88;31/05/2023
BENEVOLENTAI W;LU2355630968;BAIW;Euronext Amsterdam;EUR;0,37;0,37;0,37;0,37;09/05/2022 14:34;CET;29815;11031,55;0,37;31/05/2023
BETER BED;NL0000339703;BBED;Euronext Amsterdam;EUR;2,925;2,95;2,9;2,9;31/05/2023 16:48;CET;5267;15325,67;2,9;31/05/2023
BEVER HOLDING;NL0000285278;BEVER;Euronext Amsterdam;EUR;3,4;3,4;3,4;3,4;31/05/2023 11:30;CET;1;3,4;3,4;31/05/2023
BIC;FR0000120966;BB;Euronext Paris;EUR;55,8;56,2;55,65;55,8;31/05/2023 17:35;CET;62348;3481165,9;55,8;31/05/2023
BIGBEN INTERACTIVE;FR0000074072;BIG;Euronext Paris;EUR;5,17;5,3;5,15;5,18;31/05/2023 17:35;CET;54644;284864,54;5,18;31/05/2023
BIOCARTIS;BE0974281132;BCART;Euronext Brussels;EUR;0,579;0,579;0,562;0,565;31/05/2023 17:35;CET;19589;11246,27;0,565;31/05/2023
BIOMERIEUX;FR0013280286;BIM;Euronext Paris;EUR;94,72;94,92;93,16;93,64;31/05/2023 17:37;CET;485442;45472984,32;93,64;31/05/2023
BIOSENIC;BE0974280126;BIOS;Euronext Brussels, Paris;EUR;0,1235;0,1235;0,1195;0,12;31/05/2023 17:35;CET;28302;3403,77;0,12;31/05/2023
BIOSENIC(SUB)C1;BE0970179827;BIOS1;Euronext Brussels, Paris;EUR;0,0001;0,0001;0,0001;0,0001;15/02/2023 10:09;CET;799;0,08;0,0001;31/05/2023
BIOTALYS;BE0974386188;BTLS;Euronext Brussels;EUR;6,14;6,24;6,02;6,02;31/05/2023 17:35;CET;6525;39990,2;6,02;31/05/2023
BLEECKER;FR0000062150;BLEE;Euronext Paris;EUR;191;191;191;191;29/05/2023 16:30;CET;2;382;191;31/05/2023
BNP PARIBAS ACT.A;FR0000131104;BNP;Euronext Paris;EUR;54,88;55,55;53,89;54,01;31/05/2023 17:35;CET;5349242;290551687,2;54,01;31/05/2023
BOIRON;FR0000061129;BOI;Euronext Paris;EUR;38,65;38,65;37,6;37,9;31/05/2023 17:35;CET;48687;1848255,9;37,9;31/05/2023
BOLLORE;FR0000039299;BOL;Euronext Paris;EUR;5,9;5,99;5,845;5,99;31/05/2023 17:35;CET;10625929;63577022,22;5,99;31/05/2023
BONDUELLE;FR0000063935;BON;Euronext Paris;EUR;11,7;11,7;11,5;11,52;31/05/2023 17:35;CET;16868;195713,36;11,52;31/05/2023
BOURSE DIRECT;FR0000074254;BSD;Euronext Paris;EUR;4,17;4,2;4,15;4,15;31/05/2023 16:02;CET;1850;7707,22;4,15;31/05/2023
BOUSSARD GAVAUDAN;GG00B1FQG453;BGHL;Euronext Amsterdam;EUR;22,2;22,2;22,2;22,2;31/05/2023 12:41;CET;129;2863,8;22,2;31/05/2023
BOUSSARD GHL GBP;GG00B39VMM07;BGHS;Euronext Amsterdam;GBP;10;10;10;10;21/12/2010 11:50;CET;188;2210,99;10;31/05/2023
BOUYGUES;FR0000120503;EN;Euronext Paris;EUR;30,02;30,2;29,82;29,96;31/05/2023 17:38;CET;2701048;80944842,56;29,96;31/05/2023
BPOST;BE0974268972;BPOST;Euronext Brussels;EUR;3,918;3,98;3,9;3,916;31/05/2023 17:36;CET;459865;1803011,96;3,916;31/05/2023
BQUE NAT. BELGIQUE;BE0003008019;BNB;Euronext Brussels;EUR;506;506;500;504;31/05/2023 17:07;CET;30;15132;504;31/05/2023
BREDERODE;LU1068091351;BREB;Euronext Brussels;EUR;99,6;100,2;98,8;99,4;31/05/2023 17:35;CET;3959;393655,3;99,4;31/05/2023
BRIGADE M3 SHA;KYG137071075;BACE;Euronext Amsterdam;USD;10;10;10;10;14/03/2023 09:43;CET;354;3540;10;31/05/2023
BRIGADE M3 UNITS;KYG137071158;BACEU;Euronext Amsterdam;USD;10,3;10,3;10,3;10,3;22/05/2023 16:05;CET;1903;19600,9;10,3;31/05/2023
BRIGADE M3 WARR;KYG137071232;BACEW;Euronext Amsterdam;USD;-;-;-;-;-;CET;-;-;-;-
BRILL KON;NL0000442523;BRILL;Euronext Amsterdam;EUR;20,4;20,8;20,4;20,6;31/05/2023 15:59;CET;1593;32926,6;20,6;31/05/2023
BRUNEL INTERNAT;NL0010776944;BRNL;Euronext Amsterdam;EUR;11,7;11,84;11,56;11,56;31/05/2023 17:39;CET;111906;1301962,52;11,56;31/05/2023
BUREAU VERITAS;FR0006174348;BVI;Euronext Paris;EUR;24,19;24,19;23,62;23,73;31/05/2023 17:35;CET;4981798;118308629;23,73;31/05/2023
BURELLE;FR0000061137;BUR;Euronext Paris;EUR;471;475;460;460;31/05/2023 17:35;CET;48;22453;460;31/05/2023
CA TOULOUSE 31 CCI;FR0000045544;CAT31;Euronext Paris;EUR;72,5;73,5;72,44;73,5;31/05/2023 16:34;CET;354;25770,27;73,5;31/05/2023
CABKA;NL00150000S7;CABKA;Euronext Amsterdam;EUR;6,88;6,88;6,7;6,8;31/05/2023 17:35;CET;1129;7704,4;6,8;31/05/2023
CABKA DSC2 TS;NL00150002R5;DSC2S;Euronext Amsterdam;EUR;-;-;-;-;-;CET;-;-;-;-
CABKA EUR 12W;NL00150000U3;DSCW2;Euronext Amsterdam;EUR;0,058;0,058;0,058;0,058;22/05/2023 10:24;CET;16;0,93;0,058;31/05/2023
CABKA EUR 13W;NL00150000V1;DSCW3;Euronext Amsterdam;EUR;0,058;0,058;0,058;0,058;22/05/2023 10:24;CET;16;0,93;0,058;31/05/2023
CAFOM;FR0010151589;CAFO;Euronext Paris;EUR;8,96;9,06;8,94;9,06;31/05/2023 17:12;CET;284;2555,78;9,06;31/05/2023
CAMBODGE NOM.;FR0000079659;CBDG;Euronext Paris;EUR;6750;6750;6750;6750;29/05/2023 13:50;CET;2;13500;6750;31/05/2023
CAMPINE;BE0003825420;CAMB;Euronext Brussels;EUR;56,5;56,5;56,5;56,5;31/05/2023 16:30;CET;50;2825;56,5;31/05/2023
CAPGEMINI;FR0000125338;CAP;Euronext Paris;EUR;153;164,95;152,4;162,8;31/05/2023 17:38;CET;1336543;216486356,5;162,8;31/05/2023
CARE PROPERTY INV.;BE0974273055;CPINV;Euronext Brussels;EUR;12,5;12,72;12,5;12,6;31/05/2023 17:35;CET;22503;282928,14;12,6;31/05/2023
CARMILA;FR0010828137;CARM;Euronext Paris;EUR;13,9;14,2;13,9;13,94;31/05/2023 17:35;CET;244997;3419906,46;13,94;31/05/2023
CARPINIENNE PART.;FR0000064156;CARP;Euronext Paris;EUR;6,3;6,3;6,3;6,3;31/05/2023 11:30;CET;11;69,3;6,3;31/05/2023
CARREFOUR;FR0000120172;CA;Euronext Paris;EUR;17,37;17,465;17,1;17,185;31/05/2023 17:35;CET;6283982;108062621,9;17,185;31/05/2023
CASINO GUICHARD;FR0000125585;CO;Euronext Paris;EUR;5,7;5,71;5,515;5,57;31/05/2023 17:35;CET;601394;3361453,38;5,57;31/05/2023
CATANA GROUP;FR0010193052;CATG;Euronext Paris;EUR;7,46;7,54;7,43;7,43;31/05/2023 17:35;CET;41777;312287,62;7,43;31/05/2023
CATERPILLAR INC;US1491231015;CATR;Euronext Paris;EUR;196,5;196,5;196,5;196,5;31/05/2023 16:44;CET;75;14737,5;196,5;31/05/2023
CBO TERRITORIA;FR0010193979;CBOT;Euronext Paris;EUR;3,82;3,83;3,81;3,81;31/05/2023 17:35;CET;17977;68596,24;3,81;31/05/2023
CEGEDIM;FR0000053506;CGM;Euronext Paris;EUR;19,34;19,9;19,2;19,82;31/05/2023 17:29;CET;2946;57541,8;19,82;31/05/2023
CELYAD ONCOLOGY;BE0974260896;CYAD;Euronext Brussels, Paris;EUR;0,556;0,558;0,526;0,526;31/05/2023 17:27;CET;12452;6677,34;0,526;31/05/2023
CENERGY;BE0974303357;CENER;Euronext Brussels;EUR;5,68;5,8;5,65;5,8;31/05/2023 17:35;CET;8820;50464,22;5,8;31/05/2023
CFE;BE0003883031;CFEB;Euronext Brussels;EUR;10;10,14;9,87;10,06;31/05/2023 17:35;CET;11290;113005,2;10,06;31/05/2023
CFI;FR0000037475;CFI;Euronext Paris;EUR;0,6;0,6;0,6;0,6;04/04/2023 11:30;CET;3550;2130;0,6;31/05/2023
CGG;FR0013181864;CGG;Euronext Paris;EUR;0,6496;0,6572;0,6418;0,6524;31/05/2023 17:38;CET;6230759;4052779,91;0,6524;31/05/2023
CHARGEURS;FR0000130692;CRI;Euronext Paris;EUR;12,42;12,54;12,34;12,36;31/05/2023 17:35;CET;49259;610545,04;12,36;31/05/2023
CHAUSSERIA;FR0000060907;CHSR;Euronext Paris;EUR;5;5;5;5;05/05/2023 16:30;CET;27;135;5;31/05/2023
CHRISTIAN DIOR;FR0000130403;CDI;Euronext Paris;EUR;784;787;768,5;773,5;31/05/2023 17:36;CET;4505;3496318;773,5;31/05/2023
CIE BOIS SAUVAGE;BE0003592038;COMB;Euronext Brussels;EUR;307;307;300;300;31/05/2023 17:35;CET;781;235912;300;31/05/2023
CLARANOVA;FR0013426004;CLA;Euronext Paris;EUR;1,89;1,892;1,86;1,86;31/05/2023 17:35;CET;17082;32054,86;1,86;31/05/2023
CM.COM;NL0012747059;CMCOM;Euronext Amsterdam;EUR;7,85;7,88;7,71;7,71;31/05/2023 17:35;CET;403603;3114475,9;7,71;31/05/2023
CNOVA;NL0010949392;CNV;Euronext Paris;EUR;3,83;3,83;3,4;3,77;31/05/2023 17:29;CET;3585;12898,84;3,77;31/05/2023
Coca-ColaEuropacif;GB00BDCPN049;CCEP;Euronext Amsterdam;EUR;58,2;58,3;57;57,8;31/05/2023 17:35;CET;80936;4669832,7;57,8;31/05/2023
COFACE;FR0010667147;COFA;Euronext Paris;EUR;13,31;13,41;12,82;12,95;31/05/2023 17:35;CET;697773;9080732,17;12,95;31/05/2023
COFINIMMO;BE0003593044;COFB;Euronext Brussels;EUR;73,5;73,5;72,1;72,6;31/05/2023 17:35;CET;172247;12513832,75;72,6;31/05/2023
COHERIS;FR0004031763;COH;Euronext Paris;EUR;4,24;4,24;4,12;4,24;31/05/2023 13:49;CET;1647;6852,72;4,24;31/05/2023
COLAS;FR0000121634;RE;Euronext Paris;EUR;118;118;117,5;118;31/05/2023 17:21;CET;214;25251,5;118;31/05/2023
COLRUYT;BE0974256852;COLR;Euronext Brussels;EUR;31;31,41;30,71;31;31/05/2023 17:35;CET;383179;11884607,12;31;31/05/2023
COMPAGNIE ODET;FR0000062234;ODET;Euronext Paris;EUR;1520;1520;1500;1508;31/05/2023 17:35;CET;55;83012;1508;31/05/2023
CORBION;NL0010583399;CRBN;Euronext Amsterdam;EUR;25,86;25,92;25,66;25,68;31/05/2023 17:35;CET;111986;3041743,66;25,68;31/05/2023
COURTOIS;FR0000065393;COUR;Euronext Paris;EUR;127;127;127;127;31/05/2023 16:30;CET;10;1270;127;31/05/2023
COVIVIO;FR0000064578;COV;Euronext Paris;EUR;45,2;46,02;44,94;45,74;31/05/2023 17:35;CET;1151206;52646030,88;45,74;31/05/2023
COVIVIO HOTELS;FR0000060303;COVH;Euronext Paris;EUR;17,2;17,4;17,05;17,4;31/05/2023 17:35;CET;3165;54992,95;17,4;31/05/2023
CRCAM ALP.PROV.CCI;FR0000044323;CRAP;Euronext Paris;EUR;75,21;78;75,21;78;31/05/2023 17:35;CET;376;29069,14;78;31/05/2023
CRCAM ATL.VEND.CCI;FR0000185506;CRAV;Euronext Paris;EUR;90;91,08;89,4;91,08;31/05/2023 17:19;CET;656;59133,04;91,08;31/05/2023
CRCAM BRIE PIC2CCI;FR0010483768;CRBP2;Euronext Paris;EUR;18,802;19,2;18,8;19,2;31/05/2023 17:39;CET;4488;85537,18;19,2;31/05/2023
CRCAM ILLE-VIL.CCI;FR0000045213;CIV;Euronext Paris;EUR;59,11;61;59,1;61;31/05/2023 17:35;CET;355;21099,83;61;31/05/2023
CRCAM LANGUED CCI;FR0010461053;CRLA;Euronext Paris;EUR;53,49;55;53,01;55;31/05/2023 17:35;CET;1324;71693,04;55;31/05/2023
CRCAM LOIRE HTE L.;FR0000045239;CRLO;Euronext Paris;EUR;58,28;59;57;59;31/05/2023 17:35;CET;660;38411,88;59;31/05/2023
CRCAM MORBIHAN CCI;FR0000045551;CMO;Euronext Paris;EUR;67,52;70;67,51;70;31/05/2023 17:35;CET;405;27724,77;70;31/05/2023
CRCAM NORD CCI;FR0000185514;CNDF;Euronext Paris;EUR;13,132;13,37;13,132;13,37;31/05/2023 17:37;CET;5860;77882,97;13,37;31/05/2023
CRCAM NORM.SEINE;FR0000044364;CCN;Euronext Paris;EUR;80,22;82,5;80,2;82,5;31/05/2023 17:35;CET;763;62059,98;82,5;31/05/2023
CRCAM PARIS ET IDF;FR0000045528;CAF;Euronext Paris;EUR;67,09;67,88;66,9;67,88;31/05/2023 17:35;CET;2076;139078,71;67,88;31/05/2023
CRCAM SUD R.A.CCI;FR0000045346;CRSU;Euronext Paris;EUR;132,02;134;132,02;134;31/05/2023 17:35;CET;355;47179,1;134;31/05/2023
CRCAM TOURAINE CCI;FR0000045304;CRTO;Euronext Paris;EUR;79,61;83;79,6;83;31/05/2023 17:35;CET;1168;94965,5;83;31/05/2023
CREDIT AGRICOLE;FR0000045072;ACA;Euronext Paris;EUR;10,7;10,778;10,624;10,692;31/05/2023 17:35;CET;24075729;258663448,6;10,692;31/05/2023
CRESCENT;BE0003836534;OPTI;Euronext Brussels;EUR;0,0196;0,0198;0,0194;0,0194;31/05/2023 17:35;CET;317756;6269,86;0,0194;31/05/2023
CROSSWOOD;FR0000050395;CROS;Euronext Paris;EUR;7,3;7,3;7,3;7,3;31/05/2023 11:30;CET;1;7,3;7,3;31/05/2023
CTAC;NL0000345577;CTAC;Euronext Amsterdam;EUR;3,88;3,88;3,88;3,88;31/05/2023 14:18;CET;299;1160,12;3,88;31/05/2023
CTC TREAS SHARES;NL0015000F09;CTCT1;Euronext Amsterdam;EUR;-;-;-;-;-;CET;-;-;-;-
CTC WARRANTS;NL0015000DD7;CTCW1;Euronext Amsterdam;EUR;0,0005;0,0005;0,0005;0,0005;26/05/2023 16:54;CET;17;0,01;0,0005;31/05/2023
CTP;NL00150006R6;CTPNV;Euronext Amsterdam;EUR;11,86;12,14;11,5;12;31/05/2023 17:35;CET;56417;673692,46;12;31/05/2023
CUMULEX;BE0003463685;CLEX;Euronext Brussels;EUR;2,26;2,26;2,26;2,26;31/03/2023 11:31;CET;400;904;2,26;31/05/2023
D''IETEREN GROUP;BE0974259880;DIE;Euronext Brussels;EUR;161,9;163,8;159,6;161,7;31/05/2023 17:35;CET;616062;99619177,6;161,7;31/05/2023
DANONE;FR0000120644;BN;Euronext Paris;EUR;55,38;56,13;55,02;55,34;31/05/2023 17:36;CET;5719623;316875205,8;55,34;31/05/2023
DASSAULT AVIATION;FR0014004L86;AM;Euronext Paris;EUR;161,4;163,5;158,2;158,2;31/05/2023 17:37;CET;325771;51680371,8;158,2;31/05/2023
DASSAULT SYSTEMES;FR0014003TT8;DSY;Euronext Paris;EUR;40,535;41,78;40,44;41,11;31/05/2023 17:35;CET;7790772;320450198,5;41,11;31/05/2023
DBV TECHNOLOGIES;FR0010417345;DBV;Euronext Paris;EUR;3,37;3,42;3,332;3,364;31/05/2023 17:35;CET;63512;214675,14;3,364;31/05/2023
DECEUNINCK;BE0003789063;DECB;Euronext Brussels;EUR;2,5;2,515;2,44;2,445;31/05/2023 17:35;CET;95685;237065,14;2,445;31/05/2023
DEE TECH SHARES;FR0014003G01;DEE;Euronext Paris;EUR;10,2;10,2;10,2;10,2;31/05/2023 12:53;CET;15;153;10,2;31/05/2023
DEE TECH WARRANTS;FR0014003G19;DEEW;Euronext Paris;EUR;0,3;0,3;0,3;0,3;22/12/2021 12:00;CET;1000;300;0,3;31/05/2023
DEEZER;FR001400AYG6;DEEZR;Euronext Paris;EUR;2,095;2,095;2,09;2,09;31/05/2023 13:18;CET;797;1666,07;2,09;31/05/2023
DEEZER WARRANTS;FR0014004JF6;DEEZW;Euronext Paris;EUR;0,01;0,01;0,01;0,01;12/04/2023 16:33;CET;349999;3499,99;0,01;31/05/2023
DEKUPLE;FR0000062978;DKUPL;Euronext Paris;EUR;28,7;29,1;28,6;29,1;31/05/2023 17:05;CET;328;9475,4;29,1;31/05/2023
DEME GROUP;BE0974413453;DEME;Euronext Brussels;EUR;117,4;119,2;116,6;119,2;31/05/2023 17:35;CET;15726;1866066,6;119,2;31/05/2023
DERICHEBOURG;FR0000053381;DBG;Euronext Paris;EUR;4,842;4,952;4,824;4,894;31/05/2023 17:35;CET;430102;2102545,93;4,894;31/05/2023
DGB GROUP N.V.;NL0009169515;DGB;Euronext Amsterdam;EUR;0,54;0,542;0,528;0,54;31/05/2023 14:22;CET;1262;671,38;0,54;31/05/2023
DIEGEM KENNEDYCERT;BE0003698124;DIEG;Euronext Brussels;EUR;116;116;116;116;31/05/2023 16:30;CET;151;17516;116;31/05/2023
DISRUPTIVE CAP SHA;GG00BMB5XZ39;DCACS;Euronext Amsterdam;GBP;6,7;6,7;6,7;6,7;05/05/2023 09:12;CET;1000;6700;6,7;31/05/2023
DISRUPTIVE CAP WAR;GG00BMB5XY22;DCACW;Euronext Amsterdam;GBP;0,18;0,18;0,18;0,18;06/12/2022 09:38;CET;1000;180;0,18;31/05/2023
DISTRI-LAND CERT;BE0003605160;DISL;Euronext Brussels;EUR;190;190;190;190;26/05/2023 16:30;CET;20;3800;190;31/05/2023
DMS IMAGING;BE0974289218;DMSIM;Euronext Brussels, Paris;EUR;0,021;0,021;0,02;0,02;31/05/2023 15:14;CET;59370;1189,76;0,02;31/05/2023
DOCK.PETR.AMBES AM;FR0000065260;DPAM;Euronext Paris;EUR;530;530;530;530;31/05/2023 11:30;CET;14;7420;530;31/05/2023
DSM FIRMENICH AG;CH1216478797;DSFIR;Euronext Amsterdam;EUR;103,5;104,18;101,7;104,04;31/05/2023 17:35;CET;1302507;135449843,2;104,04;31/05/2023
EASE2PAY NV;NL0000345627;EAS2P;Euronext Amsterdam;EUR;0,936;1,025;0,85;0,91;31/05/2023 17:25;CET;155301;141886,03;0,91;31/05/2023
EBUSCO HOLDING;NL0015000CZ2;EBUS;Euronext Amsterdam;EUR;7,7;8;7,52;7,67;31/05/2023 17:35;CET;227611;1754146,74;7,67;31/05/2023
ECONOCOM GROUP;BE0974313455;ECONB;Euronext Brussels;EUR;2,76;2,78;2,69;2,73;31/05/2023 17:35;CET;2430841;6636270,4;2,73;31/05/2023
EDENRED;FR0010908533;EDEN;Euronext Paris;EUR;59,28;61,06;59,18;60,08;31/05/2023 17:35;CET;2129561;127962410;60,08;31/05/2023
EHC ORD SHARES;NL0015000K10;EHCS;Euronext Amsterdam;EUR;10;10;10;10;29/05/2023 09:00;CET;500;5000;10;31/05/2023
EHC TREAS SHARES;NL0015000K02;EHCT;Euronext Amsterdam;EUR;-;-;-;-;-;CET;-;-;-;-
EHC WARRANTS;NL0015000K28;EHCW;Euronext Amsterdam;EUR;0,25;0,25;0,25;0,25;17/12/2021 10:55;CET;42;10,5;0,25;31/05/2023
EIFFAGE;FR0000130452;FGR;Euronext Paris;EUR;99,58;100,35;98,66;99,62;31/05/2023 17:35;CET;1039416;103542797,8;99,62;31/05/2023
EKINOPS;FR0011466069;EKI;Euronext Paris;EUR;7,69;8,13;7,62;8,1;31/05/2023 17:35;CET;20711;163346,36;8,1;31/05/2023
EKOPAK;BE0974380124;EKOP;Euronext Brussels;EUR;17,85;17,85;17,25;17,3;31/05/2023 17:35;CET;2000;34888,8;17,3;31/05/2023
ELEC.STRASBOURG;FR0000031023;ELEC;Euronext Paris;EUR;89,8;90;88,8;90;31/05/2023 17:35;CET;188;16826,2;90;31/05/2023
ELECT. MADAGASCAR;FR0000035719;EEM;Euronext Paris;EUR;3,42;3,42;3,42;3,42;31/05/2023 16:30;CET;200;684;3,42;31/05/2023
ELIA GROUP;BE0003822393;ELI;Euronext Brussels;EUR;113,4;114,5;111,5;113,1;31/05/2023 17:35;CET;445270;50359388,2;113,1;31/05/2023
ELIOR GROUP;FR0011950732;ELIOR;Euronext Paris;EUR;2,84;2,864;2,788;2,84;31/05/2023 17:35;CET;986678;2794578,64;2,84;31/05/2023
ELIS;FR0012435121;ELIS;Euronext Paris;EUR;16,38;16,39;16,07;16,18;31/05/2023 17:35;CET;761025;12327880,68;16,18;31/05/2023
ENGIE;FR0010208488;ENGI;Euronext Paris, Brussels;EUR;14;14,142;13,96;14,042;31/05/2023 17:35;CET;10485131;147295638;14,042;31/05/2023
ENTP TREAS SHARES;NL0015000F90;ENTPT;Euronext Amsterdam;EUR;-;-;-;-;-;CET;-;-;-;-
ENTP WARRANTS;NL0015000FD2;ENTPW;Euronext Amsterdam;EUR;0,25;0,25;0,25;0,25;02/01/2023 09:20;CET;5;1,25;0,25;31/05/2023
ENVIPCO;NL0015000GX8;ENVI;Euronext Amsterdam;EUR;2,66;2,66;2,62;2,66;31/05/2023 15:25;CET;1303;3437,86;2,66;31/05/2023
EPIC Ord Shares;KYG3166N1060;EPIC;Euronext Amsterdam;EUR;10,2;10,2;10,2;10,2;11/04/2023 10:07;CET;2000;20400;10,2;31/05/2023
EPIC WARRANTS;KYG3166N1144;EPICW;Euronext Amsterdam;EUR;0,15;0,15;0,15;0,15;26/05/2022 15:17;CET;30000;4500;0,15;31/05/2023
EQUASENS;FR0012882389;EQS;Euronext Paris;EUR;76,5;77,4;75,5;77,3;31/05/2023 17:36;CET;23540;1818358,4;77,3;31/05/2023
ERAMET;FR0000131757;ERA;Euronext Paris;EUR;83,25;83,25;80,35;81,1;31/05/2023 17:35;CET;107535;8754928,8;81,1;31/05/2023
ERYTECH PHARMA;FR0011471135;ERYP;Euronext Paris;EUR;0,91;0,92;0,85;0,876;31/05/2023 17:35;CET;169067;150280,5;0,876;31/05/2023
ESI GROUP;FR0004110310;ESI;Euronext Paris;EUR;111;111,5;110;111,5;31/05/2023 17:35;CET;862;95395,5;111,5;31/05/2023
ESSILORLUXOTTICA;FR0000121667;EL;Euronext Paris;EUR;174,18;174,18;167,72;168,44;31/05/2023 17:35;CET;3690327;622603025,8;168,44;31/05/2023
ESSO;FR0000120669;ES;Euronext Paris;EUR;42,5;43,5;42,5;43,5;31/05/2023 17:35;CET;5323;228938,5;43,5;31/05/2023
EURASIA FONC INV;FR0000061475;EFI;Euronext Paris;EUR;0,298;0,298;0,298;0,298;25/05/2023 11:30;CET;30;8,94;0,298;31/05/2023
EURAZEO;FR0000121121;RF;Euronext Paris;EUR;62,7;64,1;62,5;63,9;31/05/2023 17:35;CET;365401;23320824,45;63,9;31/05/2023
EUREKING SHARES;FR0014009ON9;KINGS;Euronext Paris;EUR;10,3;10,3;10,3;10,3;18/05/2023 09:36;CET;100;1030;10,3;31/05/2023
EUREKING WARRANTS;FR0014009OX8;KINGW;Euronext Paris;EUR;0,1;0,1;0,1;0,1;26/05/2023 15:13;CET;10000;1000;0,1;31/05/2023
EURO RESSOURCES;FR0000054678;EUR;Euronext Paris;EUR;3,1;3,16;3,04;3,16;31/05/2023 16:00;CET;6385;19971,91;3,16;31/05/2023
EUROAPI;FR0014008VX5;EAPI;Euronext Paris;EUR;9,8;9,884;9,74;9,798;31/05/2023 17:35;CET;255501;2509639,06;9,798;31/05/2023
EUROCASTLE INVEST.;GB00B94QM994;ECT;Euronext Amsterdam;EUR;6;6;6;6;24/05/2023 17:08;CET;3;18;6;31/05/2023
EUROCOMMERCIAL;NL0015000K93;ECMPA;Euronext Amsterdam, Brussels;EUR;21,12;21,44;21,08;21,34;31/05/2023 17:35;CET;91653;1955701,06;21,34;31/05/2023
EUROFINS SCIE NV23;FR001400EBA9;ERFNV;Euronext Paris;EUR;61,4;61,4;59,9;59,9;31/05/2023 16:30;CET;2058;124561,2;59,9;31/05/2023
EUROFINS SCIENT.;FR0014000MR3;ERF;Euronext Paris;EUR;60,98;64,06;60,9;61,64;31/05/2023 17:35;CET;1103527;68260987,52;61,64;31/05/2023
EURONAV;BE0003816338;EURN;Euronext Brussels;EUR;14,85;15,01;13,93;14,82;31/05/2023 17:36;CET;2751949;40262386,28;14,82;31/05/2023
EURONEXT;NL0006294274;ENX;Euronext Paris, Amsterdam, Brussels;EUR;62,6;62,95;62,1;62,15;31/05/2023 17:36;CET;341690;21355614,3;62,15;31/05/2023
EUTELSAT COMMUNIC.;FR0010221234;ETL;Euronext Paris;EUR;6,05;6,065;5,935;5,945;31/05/2023 17:35;CET;1788648;10660323,5;5,945;31/05/2023
EVERGREEN;FR0000035784;EGR;Euronext Paris;EUR;2,49;2,5;2,41;2,44;31/05/2023 16:49;CET;5250;12894,5;2,44;31/05/2023
EVS BROADC.EQUIPM.;BE0003820371;EVS;Euronext Brussels;EUR;21,9;22,1;21,8;21,8;31/05/2023 17:35;CET;4642;101673,7;21,8;31/05/2023
EXAIL TECHNOLOGIES;FR0000062671;EXA;Euronext Paris;EUR;17,88;17,88;17,64;17,66;31/05/2023 17:35;CET;5162;91436,84;17,66;31/05/2023
EXCLUSIVE NETWORKS;FR0014005DA7;EXN;Euronext Paris;EUR;19,32;19,6;19,32;19,46;31/05/2023 17:35;CET;33522;653409,32;19,46;31/05/2023
EXEL INDUSTRIES;FR0004527638;EXE;Euronext Paris;EUR;51,4;51,6;48,2;51;31/05/2023 17:35;CET;6604;339075,3;51;31/05/2023
EXMAR;BE0003808251;EXM;Euronext Brussels;EUR;10,76;10,8;10,62;10,7;31/05/2023 17:35;CET;257856;2763604,38;10,7;31/05/2023
EXOR NV;NL0012059018;EXO;Euronext Amsterdam;EUR;78,18;78,58;77,08;77,66;31/05/2023 17:35;CET;667856;51888188,14;77,66;31/05/2023
EXPLOSIFS PROD.CHI;FR0014003AQ4;EXPL;Euronext Paris;EUR;92;92,5;92;92,5;31/05/2023 17:19;CET;21;1937,5;92,5;31/05/2023
FAGRON;BE0003874915;FAGR;Euronext Brussels, Amsterdam;EUR;17;17,06;16,81;16,81;31/05/2023 17:35;CET;72286;1217611,37;16,81;31/05/2023
FASTNED;NL0013654809;FAST;Euronext Amsterdam;EUR;29;29,3;28,05;28,45;31/05/2023 17:35;CET;97916;2793786,15;28,45;31/05/2023
FAYENC.SARREGUEMI.;FR0000031973;FAYE;Euronext Paris;EUR;20;20;20;20;11/05/2023 11:30;CET;1;20;20;31/05/2023
FDJ;FR0013451333;FDJ;Euronext Paris;EUR;36,34;36,76;35,92;36,06;31/05/2023 17:35;CET;368351;13293323,48;36,06;31/05/2023
FERM.CAS.MUN.CANNE;FR0000062101;FCMC;Euronext Paris;EUR;1650;1650;1650;1650;30/05/2023 16:30;CET;3;4950;1650;31/05/2023
FERMENTALG;FR0011271600;FALG;Euronext Paris;EUR;0,788;0,792;0,78;0,788;31/05/2023 17:19;CET;40006;31451,5;0,788;31/05/2023
FIDUCIAL OFF.SOL.;FR0000061418;SACI;Euronext Paris;EUR;27,6;27,6;27,6;27,6;31/05/2023 11:30;CET;1;27,6;27,6;31/05/2023
FIDUCIAL REAL EST.;FR0000060535;ORIA;Euronext Paris;EUR;187;187;187;187;31/05/2023 11:30;CET;1;187;187;31/05/2023
FIGEAC AERO;FR0011665280;FGA;Euronext Paris;EUR;4,96;4,96;4,9;4,9;31/05/2023 17:35;CET;1719;8494,83;4,9;31/05/2023
FIN.ETANG BERRE;FR0000062341;BERR;Euronext Paris;EUR;9;9;9;9;21/12/2022 11:30;CET;527;4743;9;31/05/2023
FIN.ETANG BERRE PF;FR0000062507;EBPF;Euronext Paris;EUR;193,6;193,6;193,6;193,6;20/12/2022 16:30;CET;16;3097,6;193,6;31/05/2023
FIN.OUEST AFRICAIN;SN0000033192;FOAF;Euronext Paris;EUR;58;58;58;58;08/03/2023 11:49;CET;129;7482;58;31/05/2023
FINANCIERE MARJOS;FR0000060824;FINM;Euronext Paris;EUR;0,146;0,146;0,146;0,146;30/05/2023 16:30;CET;1000;146;0,146;31/05/2023
FINATIS;FR0000035123;FNTS;Euronext Paris;EUR;4,4;4,4;4,4;4,4;30/05/2023 11:30;CET;1;4,4;4,4;31/05/2023
FIPP;FR0000038184;FIPP;Euronext Paris;EUR;0,124;0,124;0,123;0,123;31/05/2023 11:29;CET;2374;293,64;0,123;31/05/2023
FL ENTERTAINMENT;NL0015000X07;FLE;Euronext Amsterdam;EUR;9,2;9,2;9,2;9,2;31/05/2023 15:45;CET;21;193,2;9,2;31/05/2023
FLE WARRANTS;NL0015000H56;FLEW;Euronext Amsterdam;EUR;0,25;0,25;0,25;0,25;15/03/2022 11:07;CET;163;40,75;0,25;31/05/2023
FLORIDIENNE;BE0003215143;FLOB;Euronext Brussels;EUR;775;775;775;775;31/05/2023 12:36;CET;1;775;775;31/05/2023
FLOW TRADERS;BMG3602E1084;FLOW;Euronext Amsterdam;EUR;21,78;21,86;21,54;21,62;31/05/2023 17:35;CET;99335;2196257,04;21,62;31/05/2023
FLUXYS BELGIUM D;BE0974265945;FLUX;Euronext Brussels;EUR;27,5;27,6;27,2;27,2;31/05/2023 17:35;CET;899;24660,2;27,2;31/05/2023
FNAC DARTY;FR0011476928;FNAC;Euronext Paris;EUR;33,3;33,64;33,1;33,48;31/05/2023 17:35;CET;159976;5354400,44;33,48;31/05/2023
FONCIERE 7 INVEST;FR0000065930;LEBL;Euronext Paris;EUR;0,895;0,895;0,895;0,895;29/05/2023 11:30;CET;10;8,95;0,895;31/05/2023
FONCIERE EURIS;FR0000038499;EURS;Euronext Paris;EUR;1,62;1,62;1,62;1,62;31/05/2023 11:30;CET;188;304,56;1,62;31/05/2023
FONCIERE INEA;FR0010341032;INEA;Euronext Paris;EUR;37,3;37,3;36,9;36,9;31/05/2023 17:35;CET;187;6907,5;36,9;31/05/2023
FONCIERE LYONNAISE;FR0000033409;FLY;Euronext Paris;EUR;71,6;71,6;71,6;71,6;31/05/2023 11:35;CET;3;214,8;71,6;31/05/2023
FONCIERE VOLTA;FR0000053944;SPEL;Euronext Paris;EUR;7,65;7,65;7,65;7,65;31/05/2023 11:30;CET;69;527,85;7,65;31/05/2023
FORESTIERE EQUAT.;CI0000053161;FORE;Euronext Paris;EUR;715;715;715;715;23/03/2023 16:30;CET;4;2860;715;31/05/2023
FORFARMERS;NL0011832811;FFARM;Euronext Amsterdam;EUR;2,92;2,92;2,82;2,82;31/05/2023 17:35;CET;56300;160448,99;2,82;31/05/2023
FORSEE POWER;FR0014005SB3;FORSE;Euronext Paris;EUR;2,79;2,815;2,7;2,71;31/05/2023 17:35;CET;69961;191921,26;2,71;31/05/2023
FOUNTAIN;BE0003752665;FOU;Euronext Brussels;EUR;1,15;1,15;1,15;1,15;24/05/2023 11:30;CET;1520;1748;1,15;31/05/2023
FRANCAISE ENERGIE;FR0013030152;FDE;Euronext Paris;EUR;41,5;41,8;41,05;41,7;31/05/2023 17:35;CET;5850;242810,15;41,7;31/05/2023
FREY;FR0010588079;FREY;Euronext Paris;EUR;33;33;32,8;32,8;31/05/2023 16:30;CET;67;2209;32,8;31/05/2023
FUGRO;NL00150003E1;FUR;Euronext Amsterdam;EUR;13,71;13,83;13,41;13,45;31/05/2023 17:35;CET;519741;7025536,17;13,45;31/05/2023
GALAPAGOS;BE0003818359;GLPG;Euronext Amsterdam, Brussels;EUR;38,91;39,23;38,37;38,68;31/05/2023 17:35;CET;154230;5979843,33;38,68;31/05/2023
GALIMMO;FR0000030611;GALIM;Euronext Paris;EUR;14,6;14,6;14,6;14,6;31/05/2023 11:30;CET;1;14,6;14,6;31/05/2023
GAUMONT;FR0000034894;GAM;Euronext Paris;EUR;96,5;98,5;96,5;98,5;31/05/2023 11:49;CET;24;2318;98,5;31/05/2023
GBL;BE0003797140;GBLB;Euronext Brussels;EUR;72,48;72,86;72,08;72,08;31/05/2023 17:35;CET;465170;33569310,84;72,08;31/05/2023
GEA GRENOBL.ELECT.;FR0000053035;GEA;Euronext Paris;EUR;87,5;87,5;87,5;87,5;31/05/2023 09:00;CET;1;87,5;87,5;31/05/2023
GECINA;FR0010040865;GFC;Euronext Paris;EUR;95,05;96,45;94,9;95,75;31/05/2023 17:35;CET;289860;27760917,6;95,75;31/05/2023
GENERAL ELECTRIC;US3696043013;GNE;Euronext Paris;EUR;95,6;95,6;94,8;94,8;31/05/2023 15:08;CET;141;13418,4;94,8;31/05/2023
GENEURO;CH0308403085;GNRO;Euronext Paris;EUR;1,8;1,805;1,8;1,805;31/05/2023 17:37;CET;111;200,36;1,805;31/05/2023
GENFIT;FR0004163111;GNFT;Euronext Paris;EUR;3,91;3,91;3,77;3,77;31/05/2023 17:35;CET;101550;387909,31;3,77;31/05/2023
GENOMIC VISION;FR0011799907;GV;Euronext Paris;EUR;0,015;0,015;0,0144;0,0145;31/05/2023 17:21;CET;1239997;18060,8;0,0145;31/05/2023
GENSIGHT BIOLOGICS;FR0013183985;SIGHT;Euronext Paris;EUR;0,847;0,873;0,8;0,826;31/05/2023 17:35;CET;130147;109776,58;0,826;31/05/2023
GEOJUNXION;NL0000430106;GOJXN;Euronext Amsterdam;EUR;1,09;1,145;1,08;1,14;31/05/2023 15:38;CET;2071;2278,75;1,14;31/05/2023
GETLINK SE;FR0010533075;GET;Euronext Paris;EUR;15,915;16,02;15,68;15,88;31/05/2023 17:35;CET;8262696;131194080;15,88;31/05/2023
GIMV;BE0003699130;GIMB;Euronext Brussels;EUR;44,4;44,5;43,95;44;31/05/2023 17:36;CET;9293;410923,3;44;31/05/2023
GL EVENTS;FR0000066672;GLO;Euronext Paris;EUR;20,4;21;19,9;19,9;31/05/2023 17:35;CET;108875;2174209,35;19,9;31/05/2023
GP BHND SHA;LU2434421173;BHND;Euronext Amsterdam;EUR;10,2;10,2;10,2;10,2;31/05/2023 09:00;CET;1;10,2;10,2;31/05/2023
GP BHND TR SHA;LU2437856854;BHNDT;Euronext Amsterdam;EUR;-;-;-;-;-;CET;-;-;-;-
GP BHND WARR;LU2434421330;BHNDW;Euronext Amsterdam;EUR;0,3;0,3;0,3;0,3;16/05/2022 16:19;CET;100000;30000;0,3;31/05/2023
GPE GROUP PIZZORNO;FR0010214064;GPE;Euronext Paris;EUR;53,4;55;53,4;55;31/05/2023 16:49;CET;528;28704,8;55;31/05/2023
GRAINES VOLTZ;FR0000065971;GRVO;Euronext Paris;EUR;38,4;38,9;38;38,05;31/05/2023 17:14;CET;2437;93230,15;38,05;31/05/2023
GREENYARD;BE0003765790;GREEN;Euronext Brussels;EUR;6,7;6,78;6,7;6,7;31/05/2023 17:35;CET;15299;102815,01;6,7;31/05/2023
GROUPE CRIT;FR0000036675;CEN;Euronext Paris;EUR;73,8;74,2;73,8;74,2;31/05/2023 17:35;CET;352;26025,8;74,2;31/05/2023
GROUPE JAJ;FR0004010338;GJAJ;Euronext Paris;EUR;1,36;1,5;1,36;1,5;31/05/2023 16:30;CET;12470;16960,6;1,5;31/05/2023
GROUPE PARTOUCHE;FR0012612646;PARP;Euronext Paris;EUR;21,1;21,1;21;21;31/05/2023 16:28;CET;348;7308,3;21;31/05/2023
GROUPE SFPI;FR0004155000;SFPI;Euronext Paris;EUR;2,2;2,2;2,11;2,2;31/05/2023 17:35;CET;21332;46434,96;2,2;31/05/2023
GT BIOPHARMA INC;US36254L2097;GTBP;Euronext Paris;EUR;9,35;9,35;9,35;9,35;24/12/2020 11:30;CET;12;116,05;9,35;31/05/2023
GTT;FR0011726835;GTT;Euronext Paris;EUR;92,6;93,75;91,9;93,55;31/05/2023 17:35;CET;328264;30683839,6;93,55;31/05/2023
GUERBET;FR0000032526;GBT;Euronext Paris;EUR;17;17;16,66;16,66;31/05/2023 17:35;CET;7538;126807,78;16,66;31/05/2023
GUILLEMOT;FR0000066722;GUI;Euronext Paris;EUR;6,73;6,91;6,73;6,88;31/05/2023 15:48;CET;1286;8729,06;6,88;31/05/2023
HAL TRUST;BMG455841020;HAL;Euronext Amsterdam;EUR;121,2;124,6;120,8;123,6;31/05/2023 17:35;CET;8946;1098257,6;123,6;31/05/2023
HAULOTTE GROUP;FR0000066755;PIG;Euronext Paris;EUR;3,12;3,16;3,07;3,07;31/05/2023 17:35;CET;9010;27934,56;3,07;31/05/2023
HDF;FR0014003VY4;HDF;Euronext Paris;EUR;13,86;13,86;13,66;13,78;31/05/2023 17:35;CET;629;8673,98;13,78;31/05/2023
HEIJMANS;NL0009269109;HEIJM;Euronext Amsterdam;EUR;10,34;10,34;10,1;10,1;31/05/2023 17:35;CET;59787;608694,54;10,1;31/05/2023
HEINEKEN;NL0000009165;HEIA;Euronext Amsterdam;EUR;93,7;95,62;93,66;94,48;31/05/2023 17:36;CET;3633598;343440153,8;94,48;31/05/2023
HEINEKEN HOLDING;NL0000008977;HEIO;Euronext Amsterdam;EUR;78,5;80,3;78,1;79,55;31/05/2023 17:35;CET;1083393;86144552,65;79,55;31/05/2023
HERMES INTL;FR0000052292;RMS;Euronext Paris;EUR;1918,6;1938,6;1895,4;1901,8;31/05/2023 17:37;CET;239775;456726289;1901,8;31/05/2023
HIGH CO;FR0000054231;HCO;Euronext Paris;EUR;4,74;4,78;4,72;4,75;31/05/2023 17:11;CET;6649;31526,52;4,75;31/05/2023
HOLLAND COLOURS;NL0000440311;HOLCO;Euronext Amsterdam;EUR;122;122;119;119;31/05/2023 14:07;CET;361;43338;119;31/05/2023
HOME INVEST BE.;BE0974409410;HOMI;Euronext Brussels;EUR;18,18;18,52;17,58;17,8;31/05/2023 17:35;CET;19483;348708,04;17,8;31/05/2023
HOTELS DE PARIS;FR0004165801;HDP;Euronext Paris;EUR;1,27;1,28;1,27;1,28;31/05/2023 16:30;CET;700;895;1,28;31/05/2023
HYBRID SOFTWARE GR;GB00BYN5BY03;HYSG;Euronext Brussels;EUR;4,5;4,5;4,4;4,5;31/05/2023 17:35;CET;1167;5189,46;4,5;31/05/2023
HYDRATEC;NL0009391242;HYDRA;Euronext Amsterdam;EUR;87;87;86;86;31/05/2023 16:30;CET;36;3120;86;31/05/2023
HYLORIS;BE0974363955;HYL;Euronext Brussels;EUR;11,4;12,05;11,4;11,8;31/05/2023 16:02;CET;7492;87615,9;11,8;31/05/2023
IBA;BE0003766806;IBAB;Euronext Brussels;EUR;15,32;15,34;15;15;31/05/2023 17:39;CET;36283;545582,7;15;31/05/2023
ICADE;FR0000035081;ICAD;Euronext Paris;EUR;37,38;37,56;36,88;37,24;31/05/2023 17:35;CET;158463;5950099,22;37,24;31/05/2023
ID LOGISTICS GROUP;FR0010929125;IDL;Euronext Paris;EUR;252;252,5;249,5;250;31/05/2023 17:35;CET;3784;947933;250;31/05/2023
IDI;FR0000051393;IDIP;Euronext Paris;EUR;56,2;56,4;55,2;56,2;31/05/2023 17:35;CET;499;27808;56,2;31/05/2023
IEP INVEST;BE0003748622;IEP;Euronext Brussels;EUR;5;5,25;5;5,25;31/05/2023 13:41;CET;29561;148172,1;5,25;31/05/2023
IEX GROUP NV;NL0010556726;IEX;Euronext Amsterdam;EUR;1,75;1,75;1,75;1,75;31/05/2023 11:30;CET;2;3,5;1,75;31/05/2023
IMCD;NL0010801007;IMCD;Euronext Amsterdam;EUR;140,5;142,2;139,15;140,55;31/05/2023 17:35;CET;827287;116265479;140,55;31/05/2023
IMERYS;FR0000120859;NK;Euronext Paris;EUR;33,08;33,34;33;33,26;31/05/2023 17:35;CET;120539;4005913,68;33,26;31/05/2023
IMMO MCC;BE0974287196;MCC;Euronext Brussels;EUR;595;595;595;595;31/05/2023 11:30;CET;1;595;595;31/05/2023
IMMO MOURY;BE0003893139;IMMOU;Euronext Brussels;EUR;38,2;38,2;38,2;38,2;31/05/2023 11:30;CET;1;38,2;38,2;31/05/2023
IMMOB.DASSAULT;FR0000033243;IMDA;Euronext Paris;EUR;52,8;53,6;52,8;53,6;31/05/2023 10:27;CET;99;5295,6;53,6;31/05/2023
IMMOBEL;BE0003599108;IMMO;Euronext Brussels;EUR;39,6;39,9;39;39,55;31/05/2023 17:35;CET;4828;190372,15;39,55;31/05/2023
INCLUSIO SA/NV;BE0974374069;INCLU;Euronext Brussels;EUR;14,5;14,75;14,4;14,75;31/05/2023 17:18;CET;2769;40124,15;14,75;31/05/2023
INDLE FIN.ENTREPR.;FR0000066219;INFE;Euronext Paris;EUR;61;65,5;61;65,5;31/05/2023 16:30;CET;24;1554;65,5;31/05/2023
INFOTEL;FR0000071797;INF;Euronext Paris;EUR;55,8;56;55;55,8;31/05/2023 17:38;CET;920;51212,8;55,8;31/05/2023
ING GROEP N.V.;NL0011821202;INGA;Euronext Amsterdam, Brussels;EUR;11,638;11,842;11,508;11,508;31/05/2023 17:35;CET;26941669;311218847,3;11,508;31/05/2023
INNATE PHARMA;FR0010331421;IPH;Euronext Paris;EUR;2,76;2,795;2,705;2,71;31/05/2023 17:35;CET;48318;132727,04;2,71;31/05/2023
INPOST;LU2290522684;INPST;Euronext Amsterdam;EUR;9,936;10,2;9,862;10,09;31/05/2023 17:35;CET;583959;5880772,65;10,09;31/05/2023
INTERPARFUMS;FR0004024222;ITP;Euronext Paris;EUR;65,2;67;64,9;66,9;31/05/2023 17:35;CET;34439;2283995,7;66,9;31/05/2023
INTERVEST OFF-WARE;BE0003746600;INTO;Euronext Brussels;EUR;15,68;15,82;15,5;15,5;31/05/2023 17:35;CET;122067;1894591,24;15,5;31/05/2023
INTEXA;FR0000064958;ITXT;Euronext Paris;EUR;2,42;2,42;2,42;2,42;17/05/2023 16:30;CET;150;363;2,42;31/05/2023
INVENTIVA;FR0013233012;IVA;Euronext Paris;EUR;2,68;3,34;2,68;3,235;31/05/2023 17:35;CET;443208;1364458,36;3,235;31/05/2023
IPSEN;FR0010259150;IPN;Euronext Paris;EUR;107;109,3;106,7;108,1;31/05/2023 17:35;CET;252047;27271570,3;108,1;31/05/2023
IPSOS;FR0000073298;IPS;Euronext Paris;EUR;45,72;46,14;45,38;45,78;31/05/2023 17:35;CET;94886;4341122,52;45,78;31/05/2023
IPSOS NV23;FR001400EGG5;IPSNV;Euronext Paris;EUR;-;-;-;-;-;CET;-;-;-;-
IRIS FINANCIAL SHA;KYG7552D1016;IRIS;Euronext Amsterdam;USD;10;10;10;10;02/05/2022 00:00;CET;-;-;10;31/05/2023
IRIS FINANCIAL UNI;KYG7552D1271;IRISU;Euronext Amsterdam;USD;10;10;10;10;27/04/2022 00:00;CET;-;-;10;31/05/2023
IRIS FINANCIAL WAR;KYG7552D1198;IRISW;Euronext Amsterdam;USD;0,9;0,9;0,9;0,9;02/05/2022 00:00;CET;-;-;0,9;31/05/2023
ITESOFT;FR0004026151;ITE;Euronext Paris;EUR;3,82;3,82;3,82;3,82;30/05/2023 17:15;CET;5;19,1;3,82;31/05/2023
JACQUES BOGART;FR0012872141;JBOG;Euronext Paris;EUR;8;8;7,72;7,72;31/05/2023 16:46;CET;1379;10801,94;7,72;31/05/2023
JACQUET METALS;FR0000033904;JCQ;Euronext Paris;EUR;18,46;18,58;18,26;18,26;31/05/2023 17:35;CET;10102;185792,88;18,26;31/05/2023
JCDECAUX;FR0000077919;DEC;Euronext Paris;EUR;18,14;19,11;18;18,98;31/05/2023 17:35;CET;170718;3219239,28;18,98;31/05/2023
JDE PEET'S;NL0014332678;JDEP;Euronext Amsterdam;EUR;27;27,42;26,86;27,18;31/05/2023 17:35;CET;3197242;86895870,84;27,18;31/05/2023
JENSEN-GROUP;BE0003858751;JEN;Euronext Brussels;EUR;31,7;31,7;30,9;31;31/05/2023 17:35;CET;963;30246,5;31;31/05/2023
JUST EAT TAKEAWAY;NL0012015705;TKWY;Euronext Amsterdam;EUR;14,838;14,838;13,992;14,068;31/05/2023 17:37;CET;4862634;69678817,48;14,068;31/05/2023
KAUFMAN ET BROAD;FR0004007813;KOF;Euronext Paris;EUR;26;26;25,3;25,8;31/05/2023 17:35;CET;29997;772603,85;25,8;31/05/2023
KBC;BE0003565737;KBC;Euronext Brussels;EUR;59,72;61,54;59,72;61,18;31/05/2023 17:35;CET;1805356;110364951,1;61,18;31/05/2023
KBC ANCORA;BE0003867844;KBCA;Euronext Brussels;EUR;43,98;44,8;43,7;44,62;31/05/2023 17:35;CET;94742;4221731,34;44,62;31/05/2023
KENDRION;NL0000852531;KENDR;Euronext Amsterdam;EUR;18,16;18,16;17,62;17,94;31/05/2023 17:35;CET;7115;127445,1;17,94;31/05/2023
KERING;FR0000121485;KER;Euronext Paris;EUR;502;505,2;495,85;498,35;31/05/2023 17:35;CET;400846;200886541,7;498,35;31/05/2023
KEYWARE TECH.;BE0003880979;KEYW;Euronext Brussels;EUR;0,97;0,97;0,97;0,97;31/05/2023 16:18;CET;1900;1843;0,97;31/05/2023
KINEPOLIS GROUP;BE0974274061;KIN;Euronext Brussels;EUR;42;42,3;41,3;41,6;31/05/2023 17:35;CET;26418;1103005,55;41,6;31/05/2023
KLEPIERRE;FR0000121964;LI;Euronext Paris;EUR;20,97;21,31;20,89;21,18;31/05/2023 17:38;CET;3378711;71549891,85;21,18;31/05/2023
KORIAN;FR0010386334;KORI;Euronext Paris;EUR;7,35;7,44;7,255;7,435;31/05/2023 17:35;CET;269653;1995953,99;7,435;31/05/2023
KPN KON;NL0000009082;KPN;Euronext Amsterdam;EUR;3,21;3,232;3,198;3,218;31/05/2023 17:35;CET;22536098;72512128,59;3,218;31/05/2023
L'OREAL;FR0000120321;OR;Euronext Paris;EUR;399,9;405,6;396,8;399;31/05/2023 17:38;CET;733530;293002356,1;399;31/05/2023
LACROIX GROUP;FR0000066607;LACR;Euronext Paris;EUR;32,9;33;32,5;32,5;31/05/2023 17:35;CET;940;30838,7;32,5;31/05/2023
LAGARDERE SA;FR0000130213;MMB;Euronext Paris;EUR;21;21,35;20,95;20,95;31/05/2023 17:35;CET;14332;303068,9;20,95;31/05/2023
LATECOERE;FR0000032278;LAT;Euronext Paris;EUR;0,236;0,236;0,235;0,235;31/05/2023 17:35;CET;20701;4867,51;0,235;31/05/2023
LAURENT-PERRIER;FR0006864484;LPE;Euronext Paris;EUR;135;135;133,5;134,5;31/05/2023 17:35;CET;188;25234,5;134,5;31/05/2023
LAVIDE HOLDING;NL0010545679;LVIDE;Euronext Amsterdam;EUR;0,23;0,25;0,23;0,25;31/05/2023 17:01;CET;26858;6462,65;0,25;31/05/2023
LDC;FR0013204336;LOUP;Euronext Paris;EUR;119,5;120;118,5;120;31/05/2023 17:35;CET;1293;154811;120;31/05/2023
LECTRA;FR0000065484;LSS;Euronext Paris;EUR;27,5;27,5;26,55;26,85;31/05/2023 17:35;CET;51829;1393878,2;26,85;31/05/2023
LEGRAND;FR0010307819;LR;Euronext Paris;EUR;88,28;89,02;87,14;88,46;31/05/2023 17:35;CET;1391886;123085906,4;88,46;31/05/2023
LHYFE;FR0014009YQ1;LHYFE;Euronext Paris;EUR;6,98;7,01;6,92;7,01;31/05/2023 17:37;CET;7648;53495,98;7,01;31/05/2023
LINEDATA SERVICES;FR0004156297;LIN;Euronext Paris;EUR;47,4;48;47,4;48;31/05/2023 17:35;CET;588;27952,2;48;31/05/2023
LISI;FR0000050353;FII;Euronext Paris;EUR;24,75;25,15;24,7;24,95;31/05/2023 17:35;CET;34900;870550;24,95;31/05/2023
LNA SANTE;FR0004170017;LNA;Euronext Paris;EUR;28;28,2;27,1;28;31/05/2023 17:35;CET;4287;119141,95;28;31/05/2023
LOTUS BAKERIES;BE0003604155;LOTB;Euronext Brussels;EUR;5860;5870;5820;5830;31/05/2023 17:35;CET;378;2207450;5830;31/05/2023
LUCASBOLS;NL0010998878;BOLS;Euronext Amsterdam;EUR;10,15;10,2;9,98;10,1;31/05/2023 17:36;CET;15987;160956,47;10,1;31/05/2023
LUMIBIRD;FR0000038242;LBIRD;Euronext Paris;EUR;14,84;14,92;14,84;14,92;31/05/2023 17:35;CET;412;6133,96;14,92;31/05/2023
LVMH;FR0000121014;MC;Euronext Paris;EUR;818,3;828,5;807,6;813,9;31/05/2023 17:39;CET;859625;701053584,9;813,9;31/05/2023
LYSOGENE;FR0013233475;LYS;Euronext Paris;EUR;0,28;0,28;0,2755;0,2795;05/01/2023 17:35;CET;15163;4221,28;0,2795;31/05/2023
M.R.M;FR00140085W6;MRM;Euronext Paris;EUR;25;25;25;25;31/05/2023 14:14;CET;126;3150;25;31/05/2023
MAAT PHARMA;FR0012634822;MAAT;Euronext Paris;EUR;8,02;8,02;8;8;31/05/2023 11:04;CET;469;3754;8;31/05/2023
MAISONS DU MONDE;FR0013153541;MDM;Euronext Paris;EUR;9,375;9,455;9,275;9,34;31/05/2023 17:35;CET;70209;658509,11;9,34;31/05/2023
MAJOREL GROUP LUX;LU2382956378;MAJ;Euronext Amsterdam;EUR;28,75;28,9;28,75;28,8;31/05/2023 17:35;CET;27779;800527,1;28,8;31/05/2023
MALTERIES FCO-BEL.;FR0000030074;MALT;Euronext Paris;EUR;600;600;600;600;29/05/2023 11:30;CET;4;2400;600;31/05/2023
MANITOU BF;FR0000038606;MTU;Euronext Paris;EUR;22;22;21,3;21,35;31/05/2023 17:35;CET;16638;359299,5;21,35;31/05/2023
MAREL;IS0000000388;MAREL;Euronext Amsterdam;EUR;2,91;3,09;2,91;3,06;31/05/2023 16:54;CET;50117;151232,71;3,06;31/05/2023
MAROC TELECOM;MA0000011488;IAM;Euronext Paris;EUR;7,75;7,75;7,7;7,75;31/05/2023 17:35;CET;425;3290,5;7,75;31/05/2023
MAUNA KEA TECH;FR0010609263;MKEA;Euronext Paris;EUR;0,699;0,711;0,67;0,677;31/05/2023 17:35;CET;167271;115342,82;0,677;31/05/2023
MAUREL ET PROM;FR0000051070;MAU;Euronext Paris;EUR;3,7;3,704;3,578;3,678;31/05/2023 17:35;CET;348501;1273624,37;3,678;31/05/2023
MBWS;FR0000060873;MBWS;Euronext Paris;EUR;2,1;2,15;2,1;2,15;31/05/2023 17:35;CET;17411;36736,97;2,15;31/05/2023
MBWS BSAR 2023;FR0013066313;MBWSZ;Euronext Paris;EUR;0,0005;0,0005;0,0005;0,0005;19/05/2023 09:00;CET;20;0,01;0,0005;31/05/2023
MCPHY ENERGY;FR0011742329;MCPHY;Euronext Paris;EUR;9,15;9,495;9,005;9,405;31/05/2023 17:35;CET;210881;1973887,85;9,405;31/05/2023
MDXHEALTH;BE0003844611;MDXH;Euronext Brussels;EUR;0,342;0,343;0,334;0,337;31/05/2023 17:35;CET;315217;106656,26;0,337;31/05/2023
MEDIA 6;FR0000064404;EDI;Euronext Paris;EUR;10;10;10;10;12/05/2023 16:59;CET;438;4380;10;31/05/2023
MEDINCELL;FR0004065605;MEDCL;Euronext Paris;EUR;6,67;6,86;6,67;6,8;31/05/2023 17:35;CET;60851;409687,35;6,8;31/05/2023
MELEXIS;BE0165385973;MELE;Euronext Brussels;EUR;85,2;86,65;84,55;85,35;31/05/2023 17:35;CET;40791;3486467,9;85,35;31/05/2023
MEMSCAP REGPT;FR0010298620;MEMS;Euronext Paris;EUR;3,99;4;3,89;3,96;31/05/2023 17:17;CET;28083;111669,53;3,96;31/05/2023
MERCIALYS;FR0010241638;MERY;Euronext Paris;EUR;7,44;7,555;7,415;7,505;31/05/2023 17:38;CET;353014;2645669,28;7,505;31/05/2023
MERCK AND CO INC;US58933Y1055;MRK;Euronext Paris;EUR;100,4;102,8;100,4;102,8;31/05/2023 17:03;CET;983;99491,4;102,8;31/05/2023
MERSEN;FR0000039620;MRN;Euronext Paris;EUR;35,7;35,8;35,25;35,55;31/05/2023 17:35;CET;51568;1833961,8;35,55;31/05/2023
METABOLIC EXPLORER;FR0004177046;METEX;Euronext Paris;EUR;0,96;1,018;0,95;0,99;31/05/2023 17:35;CET;22180;21938,87;0,99;31/05/2023
METROPOLE TV;FR0000053225;MMT;Euronext Paris;EUR;13;13,08;12,85;12,92;31/05/2023 17:35;CET;93507;1208738,9;12,92;31/05/2023
MICHELIN;FR001400AJ45;ML;Euronext Paris;EUR;27,27;27,3;26,42;26,56;31/05/2023 17:35;CET;3043318;81197300,72;26,56;31/05/2023
MIKO;BE0003731453;MIKO;Euronext Brussels;EUR;84;84;84;84;31/05/2023 11:30;CET;20;1680;84;31/05/2023
MITHRA;BE0974283153;MITRA;Euronext Brussels;EUR;2,4;2,4;2,28;2,295;31/05/2023 17:35;CET;68585;159617,5;2,295;31/05/2023
MKB Nedsense;NL0009312842;NEDSE;Euronext Amsterdam;EUR;0,113;0,118;0,113;0,118;31/05/2023 13:52;CET;389;44,21;0,118;31/05/2023
MONCEY (FIN.) NOM.;FR0000076986;FMONC;Euronext Paris;EUR;7450;7450;7300;7300;31/05/2023 16:10;CET;6;44300;7300;31/05/2023
MONTEA;BE0003853703;MONT;Euronext Brussels, Paris;EUR;73,5;76,4;73,1;75,9;31/05/2023 17:35;CET;64280;4867205,7;75,9;31/05/2023
MOPOLI;NL0000488153;MOP;Euronext Brussels;EUR;264;264;264;264;15/12/2022 11:30;CET;2;528;264;31/05/2023
MOPOLI FOND;NL0000488161;MOPF;Euronext Brussels;EUR;7300;7300;7300;7300;16/11/2022 11:30;CET;3;21900;7300;31/05/2023
MOREFIELD GROUP;CWN814651014;MORE;Euronext Amsterdam;EUR;0,28;0,28;0,28;0,28;30/05/2023 16:54;CET;2000;560;0,28;31/05/2023
MOTORK;GB00BMXH3352;MTRK;Euronext Amsterdam;EUR;2,32;2,32;2,21;2,25;31/05/2023 17:35;CET;7358;16854,08;2,25;31/05/2023
MOURY CONSTRUCT;BE0003602134;MOUR;Euronext Brussels;EUR;372;378;372;378;31/05/2023 16:30;CET;53;19944;378;31/05/2023
MYHOTELMATCH;FR0011277391;MHM;Euronext Paris;EUR;0,0248;0,0292;0,0248;0,0284;31/05/2023 17:19;CET;2977169;80618,41;0,0284;31/05/2023
NACON;FR0013482791;NACON;Euronext Paris;EUR;2,18;2,33;2,145;2,25;31/05/2023 17:35;CET;135527;302874,18;2,25;31/05/2023
NAI ORD SHARES;NL0015000CG2;NAI;Euronext Amsterdam;EUR;10;10;10;10;31/05/2023 17:11;CET;100;1000;10;31/05/2023
NAI TREAS SHARES;NL0015000CF4;NAITR;Euronext Amsterdam;EUR;-;-;-;-;-;CET;-;-;-;-
NAI WARRANTS;NL0015000CH0;NAIW;Euronext Amsterdam;EUR;0,2036;0,2036;0,2036;0,2036;17/09/2021 15:11;CET;5500;1119,8;0,2036;31/05/2023
NANOBIOTIX;FR0011341205;NANO;Euronext Paris;EUR;4,35;4,475;4,29;4,415;31/05/2023 17:35;CET;43894;192907,23;4,415;31/05/2023
NAVYA;FR0013018041;NAVYA;Euronext Paris;EUR;0,03;0,0309;0,0295;0,03;24/01/2023 17:35;CET;3087359;92659,57;0,03;31/05/2023
NEDAP;NL0000371243;NEDAP;Euronext Amsterdam;EUR;56,8;57;56;56,4;31/05/2023 17:35;CET;4540;256312,8;56,4;31/05/2023
NEOEN;FR0011675362;NEOEN;Euronext Paris;EUR;28,4;28,74;27,86;28,04;31/05/2023 17:35;CET;285052;8007104,6;28,04;31/05/2023
NEPI ROCKCASTLE;NL0015000RT3;NRP;Euronext Amsterdam;EUR;5,25;5,25;5,25;5,25;31/05/2023 12:56;CET;288;1512;5,25;31/05/2023
NEURONES;FR0004050250;NRO;Euronext Paris;EUR;39,8;39,85;38,3;39,2;31/05/2023 17:35;CET;4151;162589,1;39,2;31/05/2023
NEW SOURCES ENERGY;NL0009822014;NSE;Euronext Amsterdam;EUR;0,037;0,037;0,037;0,037;30/05/2023 16:30;CET;22126;818,66;0,037;31/05/2023
NEXANS;FR0000044448;NEX;Euronext Paris;EUR;72;72,75;71;72;31/05/2023 17:35;CET;182791;13154306,9;72;31/05/2023
NEXITY;FR0010112524;NXI;Euronext Paris;EUR;19,55;19,6;19,08;19,18;31/05/2023 17:35;CET;363710;7018981,68;19,18;31/05/2023
NEXTENSA;BE0003770840;NEXTA;Euronext Brussels;EUR;43,95;43,95;43,2;43,6;31/05/2023 17:35;CET;2153;93540,55;43,6;31/05/2023
NHOA;FR0012650166;NHOA;Euronext Paris;EUR;4,51;4,7;4,12;4,28;31/05/2023 17:35;CET;25974;113462,87;4,28;31/05/2023
NN GROUP;NL0010773842;NN;Euronext Amsterdam;EUR;34,55;34,58;33,55;33,72;31/05/2023 17:36;CET;6541940;220838046,7;33,72;31/05/2023
NOKIA;FI0009000681;NOKIA;Euronext Paris;EUR;3,781;3,834;3,77;3,772;31/05/2023 17:35;CET;339328;1286317,29;3,772;31/05/2023
NR21;FR0014001PV6;NR21;Euronext Paris;EUR;98,5;98,5;98,5;98,5;31/05/2023 15:04;CET;1;98,5;98,5;31/05/2023
NRJ GROUP;FR0000121691;NRG;Euronext Paris;EUR;6,78;6,78;6,58;6,62;31/05/2023 17:35;CET;8702;58464,04;6,62;31/05/2023
NSI N.V.;NL0012365084;NSI;Euronext Amsterdam;EUR;20,4;20,75;19,96;19,96;31/05/2023 17:35;CET;119091;2391199,24;19,96;31/05/2023
NX FILTRATION;NL0015000D50;NXFIL;Euronext Amsterdam;EUR;10,02;10,02;9,91;9,92;31/05/2023 17:35;CET;4663;46472,29;9,92;31/05/2023
NYRSTAR;BE0974294267;NYR;Euronext Brussels;EUR;0,125;0,126;0,1215;0,1215;31/05/2023 17:35;CET;2333;290,27;0,1215;31/05/2023
NYXOAH;BE0974358906;NYXH;Euronext Brussels;EUR;7;7,18;7;7,18;31/05/2023 17:35;CET;744;5220,32;7,18;31/05/2023
OCI;NL0010558797;OCI;Euronext Amsterdam;EUR;20,43;20,85;20,29;20,79;31/05/2023 17:35;CET;1848207;38495477,08;20,79;31/05/2023
OENEO;FR0000052680;SBT;Euronext Paris;EUR;14;14,3;14;14,25;31/05/2023 17:35;CET;2983;42549,15;14,25;31/05/2023
OL GROUPE;FR0010428771;OLG;Euronext Paris;EUR;2,97;2,97;2,97;2,97;31/05/2023 17:17;CET;39;115,83;2,97;31/05/2023
ONTEX GROUP;BE0974276082;ONTEX;Euronext Brussels;EUR;7,24;7,27;7,12;7,12;31/05/2023 17:35;CET;221921;1589190,79;7,12;31/05/2023
ONWARD MEDICAL;NL0015000HT4;ONWD;Euronext Brussels, Amsterdam;EUR;5,9;5,98;5,8;5,82;31/05/2023 17:35;CET;13630;81286,92;5,82;31/05/2023
ORANGE;FR0000133308;ORA;Euronext Paris;EUR;11,202;11,3;11,124;11,172;31/05/2023 17:37;CET;20251790;226337098,1;11,172;31/05/2023
ORANGE BELGIUM;BE0003735496;OBEL;Euronext Brussels;EUR;13,88;14,06;13,54;13,6;31/05/2023 17:35;CET;6806;93355,56;13,6;31/05/2023
ORAPI;FR0000075392;ORAP;Euronext Paris;EUR;3,79;3,8;3,76;3,76;31/05/2023 17:23;CET;244;922,39;3,76;31/05/2023
ORDINA;NL0000440584;ORDI;Euronext Amsterdam;EUR;5,62;5,66;5,62;5,66;31/05/2023 17:35;CET;2788740;15782729,74;5,66;31/05/2023
OREGE;FR0010609206;OREGE;Euronext Paris;EUR;0,218;0,22;0,1805;0,2;31/05/2023 17:35;CET;106312;21310,36;0,2;31/05/2023
ORPEA;FR0000184798;ORP;Euronext Paris;EUR;2,07;2,119;1,979;1,979;31/05/2023 17:37;CET;3228016;6455330,48;1,979;31/05/2023
OSE IMMUNO;FR0012127173;OSE;Euronext Paris;EUR;3,68;3,76;3,62;3,655;31/05/2023 17:35;CET;29467;108757,75;3,655;31/05/2023
OVH;FR0014005HJ9;OVH;Euronext Paris;EUR;9,855;10,16;9,8;10,12;31/05/2023 17:35;CET;851029;8609511,52;10,12;31/05/2023
OXURION;BE0003846632;OXUR;Euronext Brussels;EUR;0,0054;0,0054;0,0038;0,004;31/05/2023 17:35;CET;54574787;233385,99;0,004;31/05/2023
PARAGON ID;FR0013318813;PID;Euronext Paris;EUR;28,4;28,8;28,4;28,8;31/05/2023 16:58;CET;105;2994;28,8;31/05/2023
PAREF;FR0010263202;PAR;Euronext Paris;EUR;57,5;57,5;56,5;56,5;31/05/2023 10:45;CET;60;3434;56,5;31/05/2023
PARROT;FR0004038263;PARRO;Euronext Paris;EUR;3,83;3,9;3,82;3,9;31/05/2023 17:35;CET;1037;4000,03;3,9;31/05/2023
PASSAT;FR0000038465;PSAT;Euronext Paris;EUR;5,05;5,1;4,92;5,1;31/05/2023 12:53;CET;269;1348,7;5,1;31/05/2023
PATRIMOINE ET COMM;FR0011027135;PAT;Euronext Paris;EUR;18,35;18,35;18,2;18,2;31/05/2023 17:35;CET;796;14566,1;18,2;31/05/2023
PAYTON PLANAR;IL0010830391;PAY;Euronext Brussels;EUR;9,6;9,6;9,6;9,6;31/05/2023 16:30;CET;625;6000;9,6;31/05/2023
PB HOLDING;NL0000336303;PBH;Euronext Amsterdam;EUR;3,15;3,15;2,99;3,01;31/05/2023 12:09;CET;5640;16978;3,01;31/05/2023
PCAS;FR0000053514;PCA;Euronext Paris;EUR;7,3;7,3;7;7;31/05/2023 16:12;CET;1448;10322,8;7;31/05/2023
PERNOD RICARD;FR0000120693;RI;Euronext Paris;EUR;203;203;199,95;202,1;31/05/2023 17:35;CET;1053484;212581388;202,1;31/05/2023
PERRIER (GERARD);FR0000061459;PERR;Euronext Paris;EUR;100,5;101;100,5;100,5;31/05/2023 17:35;CET;237;23828,5;100,5;31/05/2023
PERSHING;GG00BPFJTF46;PSH;Euronext Amsterdam;USD;34,1;34,45;34,05;34,15;31/05/2023 17:37;CET;72255;2471956,4;34,15;31/05/2023
PEUGEOT INVEST;FR0000064784;PEUG;Euronext Paris;EUR;99,9;99,9;97,9;98,5;31/05/2023 17:35;CET;4895;482402,6;98,5;31/05/2023
PHARMING GROUP;NL0010391025;PHARM;Euronext Amsterdam;EUR;1,145;1,158;1,131;1,139;31/05/2023 17:35;CET;6443348;7365196,87;1,139;31/05/2023
PHILIPS BUY BACK;NL0000009322;INPHI;Euronext Amsterdam;EUR;-;-;-;-;-;CET;-;-;-;-
PHILIPS KON;NL0000009538;PHIA;Euronext Amsterdam;EUR;18,16;18,288;17,626;17,646;31/05/2023 17:39;CET;7423839;131761466,8;17,646;31/05/2023
PIERRE VAC BSA ACT;FR001400B4H9;VACBS;Euronext Paris;EUR;0,215;0,22;0,215;0,217;31/05/2023 17:35;CET;28151;6117,27;0,217;31/05/2023
PIERRE VAC BSA CRE;FR001400B4G1;VACBT;Euronext Paris;EUR;0,44;0,44;0,44;0,44;26/05/2023 15:38;CET;12778;5622,32;0,44;31/05/2023
PIERRE VACANCES;FR0000073041;VAC;Euronext Paris;EUR;1,632;1,68;1,626;1,68;31/05/2023 17:35;CET;384460;640731,62;1,68;31/05/2023
PLAST.VAL LOIRE;FR0013252186;PVL;Euronext Paris;EUR;3,14;3,18;3,06;3,09;31/05/2023 17:05;CET;12753;39635,64;3,09;31/05/2023
PLASTIC OMNIUM;FR0000124570;POM;Euronext Paris;EUR;15,78;15,78;15,13;15,13;31/05/2023 17:36;CET;232654;3547536,53;15,13;31/05/2023
PORCELEYNE FLES;NL0000378669;PORF;Euronext Amsterdam;EUR;11,7;11,7;11,7;11,7;31/05/2023 13:15;CET;70;819;11,7;31/05/2023
POSTNL;NL0009739416;PNL;Euronext Amsterdam;EUR;1,4855;1,486;1,441;1,4495;31/05/2023 17:35;CET;3987967;5820352,39;1,4495;31/05/2023
POXEL;FR0012432516;POXEL;Euronext Paris;EUR;0,611;0,627;0,6;0,62;31/05/2023 17:35;CET;65676;39878,76;0,62;31/05/2023
PPLA CLASS A;BMG7209L1000;PPLAA;Euronext Amsterdam;EUR;-;-;-;-;-;CET;-;-;-;-
PPLA CLASS B;BMG7209L1182;PPLAB;Euronext Amsterdam;EUR;-;-;-;-;-;CET;-;-;-;-
PPLA European Unit;US69355L1098;PPLA;Euronext Amsterdam;EUR;-;-;-;-;-;CET;-;-;-;-
PRECIA;FR0014004EC4;PREC;Euronext Paris;EUR;27,4;29,5;26,6;29,5;31/05/2023 17:35;CET;3548;100162,8;29,5;31/05/2023
PROACTIS SA;FR0004052561;PROAC;Euronext Paris;EUR;0,104;0,104;0,103;0,103;25/05/2023 17:19;CET;202;20,81;0,103;31/05/2023
PRODWAYS;FR0012613610;PWG;Euronext Paris;EUR;2,13;2,23;2,13;2,205;31/05/2023 17:35;CET;12021;26238,54;2,205;31/05/2023
PROSUS;NL0013654783;PRX;Euronext Amsterdam;EUR;62,4;62,71;61,3;61,57;31/05/2023 17:35;CET;4072869;251903568,1;61,57;31/05/2023
PROXIMUS;BE0003810273;PROX;Euronext Brussels;EUR;7,124;7,306;7,088;7,262;31/05/2023 17:37;CET;1418005;10269043,93;7,262;31/05/2023
PUBLICIS GROUPE SA;FR0000130577;PUB;Euronext Paris;EUR;70,06;70,2;68,96;69,32;31/05/2023 17:35;CET;3599492;249638106,9;69,32;31/05/2023
QRF;BE0974272040;QRF;Euronext Brussels;EUR;10;10;10;10;31/05/2023 17:28;CET;608;6080;10;31/05/2023
QUADIENT;FR0000120560;QDT;Euronext Paris;EUR;17,76;17,94;17,16;17,16;31/05/2023 17:35;CET;98274;1697418,22;17,16;31/05/2023
QUESTFOR GR-PRICAF;BE0003730448;QFG;Euronext Brussels;EUR;5,6;5,6;5,52;5,52;31/05/2023 15:53;CET;4822;26810,8;5,52;31/05/2023
RALLYE;FR0000060618;RAL;Euronext Paris;EUR;0,912;0,912;0,879;0,89;31/05/2023 17:35;CET;8508;7598,03;0,89;31/05/2023
RAMSAY GEN SANTE;FR0000044471;GDS;Euronext Paris;EUR;20,1;20,1;20,1;20,1;31/05/2023 16:45;CET;37;743,7;20,1;31/05/2023
RANDSTAD NV;NL0000379121;RAND;Euronext Amsterdam;EUR;46,38;46,42;45,7;45,86;31/05/2023 17:35;CET;1899386;87199776,97;45,86;31/05/2023
RECTICEL;BE0003656676;RECT;Euronext Brussels;EUR;12,5;12,5;12,34;12,36;31/05/2023 17:35;CET;100638;1245013,44;12,36;31/05/2023
REINET INVESTMENTS;LU0383812293;REINA;Euronext Amsterdam;EUR;19,4;19,4;19,4;19,4;29/05/2023 16:04;CET;3020;58588;19,4;31/05/2023
RELX;GB00B2B0DG97;REN;Euronext Amsterdam;EUR;28,71;29,56;28,71;29,21;31/05/2023 17:38;CET;1586083;46388968,31;29,21;31/05/2023
REMY COINTREAU;FR0000130395;RCO;Euronext Paris;EUR;143,15;144,05;141,25;143,75;31/05/2023 17:35;CET;243178;34883565,15;143,75;31/05/2023
RENAULT;FR0000131906;RNO;Euronext Paris;EUR;32,45;32,45;31,185;31,285;31/05/2023 17:36;CET;1812685;57288278,33;31,285;31/05/2023
RENEWI;GB00BNR4T868;RWI;Euronext Amsterdam;EUR;6,46;6,46;6,26;6,3;31/05/2023 17:13;CET;37084;236168,64;6,3;31/05/2023
RETAIL ESTATES;BE0003720340;RET;Euronext Brussels, Amsterdam;EUR;63,4;64,9;62,1;64,1;31/05/2023 17:35;CET;26896;1716525,1;64,1;31/05/2023
REXEL;FR0010451203;RXL;Euronext Paris;EUR;19,3;19,42;19,03;19,12;31/05/2023 17:36;CET;1350689;25874962,28;19,12;31/05/2023
ROBERTET;FR0000039091;RBT;Euronext Paris;EUR;868;868;840;848;31/05/2023 17:35;CET;335;285532;848;31/05/2023
ROBERTET CDV 87;FR0000045619;CBR;Euronext Paris;EUR;188;188;188;188;02/11/2022 11:30;CET;4;752;188;31/05/2023
ROBERTET CI;FR0000045601;CBE;Euronext Paris;EUR;775,1;775,1;775,1;775,1;30/05/2023 16:51;CET;11;8526,1;775,1;31/05/2023
ROCHE BOBOIS;FR0013344173;RBO;Euronext Paris;EUR;43,5;43,6;43,3;43,3;31/05/2023 17:35;CET;251;10911;43,3;31/05/2023
ROODMICROTEC;NL0000440477;ROOD;Euronext Amsterdam;EUR;0,243;0,245;0,24;0,24;31/05/2023 17:35;CET;159482;38460,73;0,24;31/05/2023
ROTHSCHILD & CO;FR0000031684;ROTH;Euronext Paris;EUR;46,05;46,2;46,05;46,2;31/05/2023 17:35;CET;60025;2771198;46,2;31/05/2023
ROULARTA;BE0003741551;ROU;Euronext Brussels;EUR;17,2;17,2;17,05;17,05;31/05/2023 16:11;CET;1187;20302,25;17,05;31/05/2023
RUBIS;FR0013269123;RUI;Euronext Paris;EUR;25,56;25,62;25,44;25,5;31/05/2023 17:35;CET;467151;11913058,34;25,5;31/05/2023
RUBIS NV23;FR001400HYJ5;RUINV;Euronext Paris;EUR;-;-;-;-;-;CET;-;-;-;-
S.E.B.;FR0000121709;SK;Euronext Paris;EUR;89,05;89,7;87,45;87,8;31/05/2023 17:35;CET;551315;48436615,3;87,8;31/05/2023
SAFRAN;FR0000073272;SAF;Euronext Paris;EUR;136,2;138,12;135,34;135,44;31/05/2023 17:35;CET;1418160;192683245,7;135,44;31/05/2023
SAINT GOBAIN;FR0000125007;SGO;Euronext Paris, Amsterdam, Brussels;EUR;52,36;52,65;51,65;51,8;31/05/2023 17:36;CET;2324549;120682053,9;51,8;31/05/2023
SAINT JEAN GROUPE;FR0000060121;SABE;Euronext Paris;EUR;18,6;18,6;18,6;18,6;30/05/2023 11:30;CET;100;1860;18,6;31/05/2023
SAMSE;FR0000060071;SAMS;Euronext Paris;EUR;207;207;205;205;31/05/2023 16:22;CET;70;14445;205;31/05/2023
SANOFI;FR0000120578;SAN;Euronext Paris;EUR;94,3;96;94,22;94,88;31/05/2023 17:39;CET;3826660;364011603,9;94,88;31/05/2023
SARTORIUS STED BIO;FR0013154002;DIM;Euronext Paris;EUR;245,1;247,4;244,5;245,6;31/05/2023 17:35;CET;111561;27397997,4;245,6;31/05/2023
SAVENCIA;FR0000120107;SAVE;Euronext Paris;EUR;60,8;60,8;60,2;60,2;31/05/2023 17:35;CET;671;40507,2;60,2;31/05/2023
SBM OFFSHORE;NL0000360618;SBMO;Euronext Amsterdam;EUR;12,94;12,95;12,65;12,71;31/05/2023 17:36;CET;868370;11067273,31;12,71;31/05/2023
SCBSM;FR0006239109;CBSM;Euronext Paris;EUR;9,45;9,45;9,45;9,45;31/05/2023 09:00;CET;450;4252,5;9,45;31/05/2023
SCHEERD.V KERCHOVE;BE0012378593;SCHD;Euronext Brussels;EUR;474;474;474;474;31/05/2023 11:30;CET;13;6162;474;31/05/2023
SCHLUMBERGER;AN8068571086;SLB;Euronext Paris;EUR;41,3;41,395;40;40,36;31/05/2023 17:35;CET;16123;654061,94;40,36;31/05/2023
SCHNEIDER ELECTRIC;FR0000121972;SU;Euronext Paris;EUR;162,32;164,12;160,64;161,34;31/05/2023 17:36;CET;2045635;330531636,4;161,34;31/05/2023
SCOR SE;FR0010411983;SCR;Euronext Paris;EUR;24,04;24,28;23,7;23,91;31/05/2023 17:36;CET;849539;20323058,33;23,91;31/05/2023
SECHE ENVIRONNEM.;FR0000039109;SCHP;Euronext Paris;EUR;98;100,2;98;99,7;31/05/2023 17:35;CET;3584;355998;99,7;31/05/2023
SEGRO PLC;GB00B5ZN1N88;SGRO;Euronext Paris;EUR;11,3;11,3;11,3;11,3;07/04/2021 13:45;CET;500;5650;11,1;31/05/2023
SELCODIS;FR0000065492;SLCO;Euronext Paris;EUR;0,29;0,29;0,29;0,29;25/03/2009 00:00;CET;2074;601,46;0,29;31/05/2023
SELECTIRENTE;FR0004175842;SELER;Euronext Paris;EUR;100;100;100;100;31/05/2023 11:30;CET;10;1000;100;31/05/2023
SEQUANA MEDICAL;BE0974340722;SEQUA;Euronext Brussels;EUR;3,3;3,3;3,22;3,3;31/05/2023 17:35;CET;1677;5494,94;3,3;31/05/2023
SERGEFERRARI GROUP;FR0011950682;SEFER;Euronext Paris;EUR;14,22;14,22;13,7;13,72;31/05/2023 17:35;CET;4684;65101,86;13,72;31/05/2023
SES;LU0088087324;SESG;Euronext Paris;EUR;5,62;5,7;5,54;5,55;31/05/2023 17:35;CET;761846;4248715,15;5,55;31/05/2023
SES IMAGOTAG;FR0010282822;SESL;Euronext Paris;EUR;159;159;153,4;157,6;31/05/2023 17:35;CET;67717;10667615,2;157,6;31/05/2023
SHELL PLC;GB00BP6MXD84;SHELL;Euronext Amsterdam;EUR;26,5;26,665;26,015;26,19;31/05/2023 17:37;CET;15256642;400402484,1;26,19;31/05/2023
SHOWROOMPRIVE;FR0013006558;SRP;Euronext Paris;EUR;1,426;1,426;1,372;1,374;31/05/2023 17:35;CET;54778;75673,3;1,374;31/05/2023
SHURGARD;GG00BQZCBZ44;SHUR;Euronext Brussels;EUR;43,2;43,2;40,705;42,81;31/05/2023 17:35;CET;68575;2924507,79;42,81;31/05/2023
SIF HOLDING;NL0011660485;SIFG;Euronext Amsterdam;EUR;13,98;13,98;13,5;13,76;31/05/2023 17:35;CET;14464;199507,54;13,76;31/05/2023
SIGNIFY NV;NL0011821392;LIGHT;Euronext Amsterdam;EUR;24,73;24,82;23,76;23,84;31/05/2023 17:35;CET;930889;22504931,31;23,84;31/05/2023
SII;FR0000074122;SII;Euronext Paris;EUR;50,6;51,3;50;51;31/05/2023 17:35;CET;11028;561218,5;51;31/05/2023
SIPEF;BE0003898187;SIP;Euronext Brussels;EUR;59,4;59,5;58,7;58,7;31/05/2023 17:35;CET;1545;91472,4;58,7;31/05/2023
SLIGRO FOOD GROUP;NL0000817179;SLIGR;Euronext Amsterdam;EUR;15,58;15,7;15,4;15,7;31/05/2023 17:39;CET;44850;702193,46;15,7;31/05/2023
SMARTPHOTO GROUP;BE0974323553;SMAR;Euronext Brussels;EUR;27,8;27,8;27,6;27,6;31/05/2023 16:13;CET;157;4356,6;27,6;31/05/2023
SMCP;FR0013214145;SMCP;Euronext Paris;EUR;7,55;7,55;7,32;7,32;31/05/2023 17:39;CET;156889;1155460,49;7,32;31/05/2023
SNOWWORLD;NL0010627865;SNOW;Euronext Amsterdam;EUR;10,5;10,5;10,5;10,5;31/05/2023 17:35;CET;26;273;10,5;31/05/2023
SOC FRANC CASINOS;FR0010209809;SFCA;Euronext Paris;EUR;1,97;1,97;1,97;1,97;30/05/2023 16:30;CET;3;5,91;1,97;31/05/2023
SOCIETE GENERALE;FR0000130809;GLE;Euronext Paris;EUR;22,085;22,145;21,59;21,63;31/05/2023 17:37;CET;13463671;292362117,8;21,63;31/05/2023
SODEXO;FR0000121220;SW;Euronext Paris;EUR;100,75;101,65;100,45;101,05;31/05/2023 17:35;CET;332709;33623562,95;101,05;31/05/2023
SODITECH;FR0000078321;SEC;Euronext Paris;EUR;1,48;1,48;1,48;1,48;30/05/2023 16:30;CET;500;740;1,48;31/05/2023
SOFINA;BE0003717312;SOF;Euronext Brussels;EUR;198,5;199,9;193;193;31/05/2023 17:35;CET;129826;25123451,1;193;31/05/2023
SOGECLAIR;FR0000065864;SOG;Euronext Paris;EUR;18,5;18,7;18,4;18,5;31/05/2023 16:51;CET;13297;239522,3;18,5;31/05/2023
SOITEC;FR0013227113;SOI;Euronext Paris;EUR;130,05;133,65;128;130,95;31/05/2023 17:39;CET;87905;11516386,6;130,95;31/05/2023
SOLOCAL GROUP;FR00140006O9;LOCAL;Euronext Paris;EUR;0,162;0,1644;0,156;0,1582;31/05/2023 17:35;CET;483770;77112,23;0,1582;31/05/2023
SOLUTIONS 30 SE;FR0013379484;S30;Euronext Paris;EUR;2,98;3,02;2,93;3;31/05/2023 17:35;CET;298614;890437,34;3;31/05/2023
SOLVAC NOM(RETAIL);BE0003545531;SOLV;Euronext Brussels;EUR;108;109;104;109;31/05/2023 17:29;CET;1463;154847;109;31/05/2023
SOLVAY;BE0003470755;SOLB;Euronext Brussels, Paris;EUR;99,42;99,42;96,44;97,66;31/05/2023 17:35;CET;632073;61788316,66;97,66;31/05/2023
SOPRA STERIA GROUP;FR0000050809;SOP;Euronext Paris;EUR;170,1;177,6;169;175,6;31/05/2023 17:35;CET;71844;12569540;175,6;31/05/2023
SPADEL;BE0003798155;SPA;Euronext Brussels;EUR;170;170;170;170;24/05/2023 17:07;CET;75;12750;169;31/05/2023
SPIE;FR0012757854;SPIE;Euronext Paris;EUR;27,5;27,96;27,32;27,74;31/05/2023 17:35;CET;629135;17446357,74;27,74;31/05/2023
SPR1 ORD SHARES;NL0015000NM7;SPR1;Euronext Amsterdam;EUR;9,8;9,8;9,8;9,8;25/04/2023 14:45;CET;2;19,6;9,8;31/05/2023
SPR1T TREAS SHARES;NL0015000NL9;SPR1T;Euronext Amsterdam;EUR;-;-;-;-;-;CET;-;-;-;-
SPR1W WARRANTS;NL0015000NK1;SPR1W;Euronext Amsterdam;EUR;0,25;0,25;0,22;0,22;24/02/2022 17:35;CET;115000;27250;0,22;31/05/2023
SQLI;FR0011289040;SQI;Euronext Paris;EUR;43;43,4;42,8;43,4;31/05/2023 17:35;CET;444;19066;43,4;31/05/2023
ST DUPONT;FR0000054199;DPT;Euronext Paris;EUR;0,1265;0,1265;0,126;0,126;31/05/2023 17:35;CET;110;13,87;0,126;31/05/2023
ST GOBAIN NV 23;FR001400EB72;SGONV;Euronext Paris;EUR;-;-;-;-;-;CET;-;-;-;-
STEF;FR0000064271;STF;Euronext Paris;EUR;107;107;103,8;104;31/05/2023 17:35;CET;1922;202273,2;104;31/05/2023
STELLANTIS NV;NL00150001Q9;STLAP;Euronext Paris;EUR;14,544;14,582;14,142;14,19;31/05/2023 17:35;CET;5053151;72097008,48;14,19;31/05/2023
STMICROELECTRONICS;NL0000226223;STMPA;Euronext Paris;EUR;40;41,3;39,69;40,595;31/05/2023 17:35;CET;11052593;449047803,4;40,595;31/05/2023
SWORD GROUP;FR0004180578;SWP;Euronext Paris;EUR;39,5;39,65;39,35;39,65;31/05/2023 17:35;CET;3558;140587,7;39,65;31/05/2023
SYNERGIE;FR0000032658;SDG;Euronext Paris;EUR;31,7;31,7;31,2;31,6;31/05/2023 14:14;CET;1763;55826,85;31,6;31/05/2023
TARKETT;FR0004188670;TKTT;Euronext Paris;EUR;11,5;11,5;11,05;11,25;31/05/2023 17:35;CET;1190;13284,3;11,25;31/05/2023
TAYNINH;FR0000063307;TAYN;Euronext Paris;EUR;1,21;1,21;1,21;1,21;11/05/2023 16:30;CET;355;429,55;1,21;31/05/2023
TECHNICOLOR CS;FR001400BWV7;TCHCS;Euronext Paris;EUR;0,0919;0,0919;0,0903;0,0903;31/05/2023 17:35;CET;106173;9656,15;0,0903;31/05/2023
TECHNIP ENERGIES;NL0014559478;TE;Euronext Paris;EUR;19,005;19,33;18,38;18,545;31/05/2023 17:36;CET;814329;15118249,34;18,545;31/05/2023
TELENET GROUP;BE0003826436;TNET;Euronext Brussels;EUR;19,79;19,99;19,78;19,93;31/05/2023 17:35;CET;147833;2944953,39;19,93;31/05/2023
TELEPERFORMANCE;FR0000051807;TEP;Euronext Paris;EUR;141,5;141,5;137,85;139,9;31/05/2023 17:38;CET;478352;66866030,9;139,9;31/05/2023
TELEVERBIER;CH0008175645;TVRB;Euronext Paris;EUR;46;46;46;46;25/05/2023 11:30;CET;20;920;46;31/05/2023
TERACT;FR001400BMH7;TRACT;Euronext Paris;EUR;5,76;5,76;5,6;5,66;31/05/2023 17:26;CET;601;3408,4;5,66;31/05/2023
TERACT BS;FR0014000TB2;TERBS;Euronext Paris;EUR;0,0325;0,0325;0,0325;0,0325;12/05/2023 16:11;CET;3800;123,5;0,0325;31/05/2023
TESSENDERLO;BE0003555639;TESB;Euronext Brussels;EUR;29,05;29,1;28,25;28,45;31/05/2023 17:35;CET;74481;2124713,35;28,45;31/05/2023
TETRAGON FIN GRP;GG00B1RMC548;TFG;Euronext Amsterdam;USD;10;10,1;9,94;9,94;31/05/2023 17:04;CET;10688;107237;9,94;31/05/2023
TEXAF;BE0974263924;TEXF;Euronext Brussels;EUR;36,2;36,4;36,2;36,4;31/05/2023 15:25;CET;113;4099,2;36,4;31/05/2023
TF1;FR0000054900;TFI;Euronext Paris;EUR;6,57;6,575;6,435;6,49;31/05/2023 17:35;CET;348445;2266267,85;6,49;31/05/2023
TFF GROUP;FR0013295789;TFF;Euronext Paris;EUR;39,7;39,8;39,4;39,4;31/05/2023 17:26;CET;16198;639840;39,4;31/05/2023
THALES;FR0000121329;HO;Euronext Paris;EUR;131,05;133,05;130,3;130,3;31/05/2023 17:36;CET;737985;96398550,65;130,3;31/05/2023
THERMADOR GROUPE;FR0013333432;THEP;Euronext Paris;EUR;92,1;92,8;92;92,1;31/05/2023 17:35;CET;649;59819,4;92,1;31/05/2023
THUNDERBIRD;VGG885761061;TBIRD;Euronext Amsterdam;USD;0,06;0,06;0,06;0,06;31/05/2023 11:02;CET;22217;1333,02;0,06;31/05/2023
TIE KINETIX;NL0010389508;TIE;Euronext Amsterdam;EUR;18,3;18,3;18,3;18,3;31/05/2023 11:52;CET;35;640,5;18,3;31/05/2023
TIKEHAU CAPITAL;FR0013230612;TKO;Euronext Paris;EUR;23,4;23,6;23,25;23,6;31/05/2023 17:36;CET;22728;531603,95;23,6;31/05/2023
TINC;BE0974282148;TINC;Euronext Brussels;EUR;12;12;11,9;11,95;31/05/2023 17:35;CET;14834;177091,7;11,95;31/05/2023
TIPIAK;FR0000066482;TIPI;Euronext Paris;EUR;61;61;61;61;31/05/2023 12:15;CET;4;244;61;31/05/2023
TITAN CEMENT;BE0974338700;TITC;Euronext Brussels, Paris;EUR;16,24;16,54;16,14;16,46;31/05/2023 17:35;CET;85527;1398573,1;16,46;31/05/2023
TKH GROUP;NL0000852523;TWEKA;Euronext Amsterdam;EUR;47,14;47,5;46,22;46,42;31/05/2023 17:35;CET;107764;5026048,62;46,42;31/05/2023
TOMTOM;NL0013332471;TOM2;Euronext Amsterdam;EUR;7,3;7,33;7,13;7,14;31/05/2023 17:37;CET;187921;1412330,37;7,14;31/05/2023
TOTALENERGIES;FR0000120271;TTE;Euronext Paris, Brussels;EUR;53,51;54;52,26;53,08;31/05/2023 17:37;CET;20755907;1101062883;53,08;31/05/2023
TotalEnergiesGabon;GA0000121459;EC;Euronext Paris;EUR;184,2;184,2;180,8;183,4;31/05/2023 17:00;CET;520;95193;183,4;31/05/2023
TOUAX;FR0000033003;TOUP;Euronext Paris;EUR;7;7;6,88;6,88;31/05/2023 17:24;CET;2607;18049,14;6,88;31/05/2023
TOUR EIFFEL;FR0000036816;EIFF;Euronext Paris;EUR;16,1;16,1;15,75;16,1;31/05/2023 17:29;CET;637;10140,25;16,1;31/05/2023
TRANSGENE;FR0005175080;TNG;Euronext Paris;EUR;1,82;1,83;1,8;1,808;31/05/2023 17:35;CET;18476;33516,25;1,808;31/05/2023
TRIGANO;FR0005691656;TRI;Euronext Paris;EUR;127,8;127,8;126,2;126,7;31/05/2023 17:35;CET;18352;2325811,1;126,7;31/05/2023
TUBIZE-FIN;BE0003823409;TUB;Euronext Brussels;EUR;69,3;71,7;69,3;71,7;31/05/2023 17:35;CET;5673;402301,1;71,7;31/05/2023
UBISOFT ENTERTAIN;FR0000054470;UBI;Euronext Paris;EUR;26,19;26,76;26,1;26,53;31/05/2023 17:36;CET;825740;21894600,04;26,53;31/05/2023
UCB;BE0003739530;UCB;Euronext Brussels;EUR;80,1;81,94;79,62;81,52;31/05/2023 17:38;CET;706505;57512144,18;81,52;31/05/2023
UMG;NL0015000IY2;UMG;Euronext Amsterdam;EUR;18,57;18,7;18,34;18,5;31/05/2023 17:36;CET;18203672;336979235,8;18,5;31/05/2023
UMICORE;BE0974320526;UMI;Euronext Brussels;EUR;26,5;26,59;25,51;26;31/05/2023 17:37;CET;1496284;39089463,44;26;31/05/2023
UNIBAIL-RODAMCO-WE;FR0013326246;URW;Euronext Paris;EUR;43,47;44,2;42,51;42,8;31/05/2023 17:35;CET;1357077;59138366,44;42,8;31/05/2023
UNIBEL;FR0000054215;UNBL;Euronext Paris;EUR;975;980;975;980;26/05/2023 16:30;CET;5;4880;980;31/05/2023
UNIFIEDPOST GROUP;BE0974371032;UPG;Euronext Brussels;EUR;3,7;3,7;3,42;3,46;31/05/2023 17:35;CET;17773;62252,25;3,46;31/05/2023
UNILEVER;GB00B10RZP78;UNA;Euronext Amsterdam;EUR;46,555;47,26;46,42;46,795;31/05/2023 17:35;CET;2061695;96804516,22;46,795;31/05/2023
UNION TECH.INFOR.;FR0000074197;FPG;Euronext Paris;EUR;0,498;0,5;0,48;0,5;31/05/2023 10:40;CET;2006;969,6;0,5;31/05/2023
V LANSCHOT KEMPEN;NL0000302636;VLK;Euronext Amsterdam;EUR;26,15;26,25;25,5;25,6;31/05/2023 17:35;CET;143444;3687971,95;25,6;31/05/2023
VALEO;FR0013176526;FR;Euronext Paris;EUR;18,835;18,85;17,91;17,96;31/05/2023 17:35;CET;2576326;46805473,39;17,96;31/05/2023
VALLOUREC;FR0013506730;VK;Euronext Paris;EUR;9,92;9,988;9,762;9,782;31/05/2023 17:35;CET;1520178;14915221,63;9,782;31/05/2023
VALLOUREC BSA 21;FR00140030K7;VKBS;Euronext Paris;EUR;-;-;-;-;-;CET;-;-;-;-
VALNEVA;FR0004056851;VLA;Euronext Paris;EUR;5,356;5,448;5,156;5,208;31/05/2023 17:37;CET;381937;1996247,85;5,208;31/05/2023
VALUE8;NL0010661864;VALUE;Euronext Amsterdam;EUR;6;6;5,95;5,95;30/05/2023 13:23;CET;4450;26502,5;5,95;31/05/2023
VALUE8 CUM PREF;NL0015118803;PREVA;Euronext Amsterdam;EUR;5;5;5;5;25/05/2023 11:30;CET;6;30;5;31/05/2023
VAM INVEST SHARES;NL0015000G40;VAM;Euronext Amsterdam;EUR;10,1;10,1;10,1;10,1;31/05/2023 15:14;CET;11;111,1;10,1;31/05/2023
VAM INVEST TR SHA;NL0015000GH1;VAMT;Euronext Amsterdam;EUR;-;-;-;-;-;CET;-;-;-;-
VAM INVEST WARRANT;NL0015000G32;VAMW;Euronext Amsterdam;EUR;0,34;0,34;0,34;0,34;01/03/2022 13:06;CET;52500;17850;0,34;31/05/2023
VAN DE VELDE;BE0003839561;VAN;Euronext Brussels;EUR;33,3;33,4;33,15;33,15;31/05/2023 17:35;CET;2185;72699,25;33,15;31/05/2023
VANTIVA;FR0013505062;VANTI;Euronext Paris;EUR;0,1862;0,1908;0,1856;0,19;31/05/2023 17:35;CET;170031;31955,92;0,19;31/05/2023
VANTIVA BSA 2024;FR0013526225;VANBS;Euronext Paris;EUR;0,0182;0,0182;0,0182;0,0182;31/05/2023 16:14;CET;1604;29,2;0,0182;31/05/2023
VASTNED;NL0000288918;VASTN;Euronext Amsterdam;EUR;20,15;20,15;19,6;19,6;31/05/2023 17:39;CET;19648;386700,33;19,6;31/05/2023
VASTNED BELGIUM;BE0003754687;VASTB;Euronext Brussels;EUR;29,4;29,4;29;29;30/05/2023 17:35;CET;25;733;29;31/05/2023
VEOLIA ENVIRON.;FR0000124141;VIE;Euronext Paris;EUR;27,26;28,08;27,16;27,54;31/05/2023 17:35;CET;4465708;123261141;27,54;31/05/2023
VEON;BMG9349W1038;VEON;Euronext Amsterdam;EUR;0,72;0,724;0,72;0,724;31/05/2023 17:35;CET;985420;709505,22;0,724;31/05/2023
VERALLIA;FR0013447729;VRLA;Euronext Paris;EUR;33;33,22;31,8;32,48;31/05/2023 17:36;CET;406612;13247456,94;32,48;31/05/2023
VERIMATRIX;FR0010291245;VMX;Euronext Paris;EUR;0,699;0,699;0,633;0,66;31/05/2023 17:35;CET;65786;43425,67;0,66;31/05/2023
VETOQUINOL;FR0004186856;VETO;Euronext Paris;EUR;88,1;89,7;88;88,6;31/05/2023 17:35;CET;1218;108251,6;88,6;31/05/2023
VGP;BE0003878957;VGP;Euronext Brussels;EUR;91,65;92,95;91;92,45;31/05/2023 17:35;CET;77954;7201825,7;92,45;31/05/2023
VICAT;FR0000031775;VCT;Euronext Paris;EUR;25,2;25,3;24,9;25;31/05/2023 17:35;CET;24809;621371,8;25;31/05/2023
VIEL ET COMPAGNIE;FR0000050049;VIL;Euronext Paris;EUR;8,6;8,6;8,52;8,54;31/05/2023 17:35;CET;696;5933,86;8,54;31/05/2023
VILMORIN & CIE;FR0000052516;RIN;Euronext Paris;EUR;62,6;62,7;62,6;62,6;31/05/2023 17:39;CET;12268;767983,4;62,6;31/05/2023
VINCI;FR0000125486;DG;Euronext Paris;EUR;106,76;107,4;105,88;106,32;31/05/2023 17:35;CET;2349433;249936712,4;106,32;31/05/2023
VIOHALCO;BE0974271034;VIO;Euronext Brussels;EUR;5,68;5,79;5,68;5,77;31/05/2023 17:35;CET;5906;33947,6;5,77;31/05/2023
VIRBAC;FR0000031577;VIRP;Euronext Paris;EUR;290;293;285;285;31/05/2023 17:39;CET;14563;4164865;285;31/05/2023
VITURA;FR0010309096;VTR;Euronext Paris;EUR;16,7;16,7;16,6;16,6;31/05/2023 09:00;CET;27;448,3;16,6;31/05/2023
VIVENDI SE;FR0000127771;VIV;Euronext Paris;EUR;8,448;8,524;8,24;8,29;31/05/2023 17:35;CET;15247472;126614942,5;8,29;31/05/2023
VIVORYON;NL00150002Q7;VVY;Euronext Amsterdam;EUR;14,6;14,76;14,48;14,64;31/05/2023 17:35;CET;49463;720100,08;14,64;31/05/2023
VOLTA FINANCE;GG00B1GHHH78;VTA;Euronext Amsterdam;EUR;4,94;5;4,91;5;31/05/2023 17:35;CET;12811;63216,85;5;31/05/2023
VOLTALIA;FR0011995588;VLTSA;Euronext Paris;EUR;14,6;15,06;14,52;15,04;31/05/2023 17:36;CET;56531;846578,12;15,04;31/05/2023
VOPAK;NL0009432491;VPK;Euronext Amsterdam;EUR;32,75;33,16;32,59;32,85;31/05/2023 17:35;CET;213465;7013719,16;32,85;31/05/2023
VRANKEN-POMMERY;FR0000062796;VRAP;Euronext Paris, Brussels;EUR;19,05;19,05;18,9;18,9;31/05/2023 17:08;CET;1039;19738,6;18,9;31/05/2023
WAGA ENERGY;FR0012532810;WAGA;Euronext Paris;EUR;28,45;28,45;24,7;25,75;31/05/2023 17:36;CET;16682;434405,3;25,75;31/05/2023
WAREHOUSES ESTATES;BE0003734481;WEB;Euronext Brussels;EUR;37,6;37,6;37,6;37,6;31/05/2023 09:00;CET;265;9964;37,6;31/05/2023
WAVESTONE;FR0013357621;WAVE;Euronext Paris;EUR;43,6;44,65;43,5;44,65;31/05/2023 17:35;CET;6942;308703,95;44,65;31/05/2023
WDP;BE0974349814;WDP;Euronext Brussels, Amsterdam;EUR;26,08;26,58;25,98;26,24;31/05/2023 17:35;CET;625770;16421896,64;26,24;31/05/2023
WENDEL;FR0000121204;MF;Euronext Paris;EUR;99,3;100;98;98,3;31/05/2023 17:35;CET;163794;16127696,15;98,3;31/05/2023
WERELDHAVE;NL0000289213;WHA;Euronext Amsterdam;EUR;13,71;13,81;13,63;13,7;31/05/2023 17:35;CET;68392;938763,58;13,7;31/05/2023
WERELDHAVE BELGIUM;BE0003724383;WEHB;Euronext Brussels;EUR;48,7;48,7;48,2;48,2;31/05/2023 17:35;CET;1789;86605,4;48,2;31/05/2023
WHAT'S COOKING GP;BE0003573814;WHATS;Euronext Brussels;EUR;83,2;83,2;82;82;31/05/2023 17:35;CET;189;15648;82;31/05/2023
WOLTERS KLUWER;NL0000395903;WKL;Euronext Amsterdam;EUR;106,25;107,8;106,2;106,8;31/05/2023 17:35;CET;1331226;142344080,7;106,8;31/05/2023
WORLDLINE;FR0011981968;WLN;Euronext Paris;EUR;36,49;36,84;36,07;36,35;31/05/2023 17:35;CET;1709585;62155956,5;36,35;31/05/2023
X-FAB;BE0974310428;XFAB;Euronext Paris;EUR;8,035;8,085;7,9;7,93;31/05/2023 17:35;CET;75821;602166,85;7,93;31/05/2023
XILAM ANIMATION;FR0004034072;XIL;Euronext Paris;EUR;23,5;23,5;23,1;23,2;31/05/2023 17:35;CET;588;13678,8;23,2;31/05/2023
XIOR;BE0974288202;XIOR;Euronext Brussels;EUR;28,2;28,4;27,85;27,95;31/05/2023 17:35;CET;90904;2544521,95;27,95;31/05/2023
ZCI LIMITED;BMG9887P1068;CV;Euronext Paris;EUR;0,17;0,2;0,17;0,2;04/08/2015 16:20;CET;21826;3755,94;0,2;31/05/2023
ZENOBE GRAMME CERT;BE0003809267;ZEN;Euronext Brussels;EUR;192;192;192;192;30/05/2023 11:30;CET;50;9600;192;31/05/2023